nome,artista,artist_id,generos,data_completa,data,duracao_ms,duracao_min,hora_inicio,hora_fim,spotify_track_uri,album_img
Kind Hearted Light,Masterplan,1OHNvr18TssBKYK0A75yvx,"german metal, german power metal, power metal, progressive metal, symphonic metal",2024-09-05T13:46:30.716Z,2024-09-05,265773,00:04:25,10:42:05,10:46:30,spotify:track:2cxtdKFeXk4F10nd8TZORl,https://i.scdn.co/image/ab67616d0000b2737479397fc56803ba3511fd1c
Kingslayer,Almanac,2YaA3jgeB9GHTMtzfFZfRc,"german power metal, symphonic power metal",2024-09-05T13:42:05.145Z,2024-09-05,93165,00:01:33,10:40:32,10:42:05,spotify:track:741trsOdjAj9fIDvSEJLib,https://i.scdn.co/image/ab67616d0000b2732edebb353df5d8d78e38f17f
"Assimulate, Destroy",Lost In Thought,1eaEhax0Mj4NNXxvWEtnUF,"melodic progressive metal, progressive metal, welsh metal",2024-09-05T13:40:31.598Z,2024-09-05,393626,00:06:33,10:33:58,10:40:31,spotify:track:3y4qnbf2hCHxYEgQqN4yxF,https://i.scdn.co/image/ab67616d0000b27330bcaefc07e27747bb714d2f
At the End of the Rainbow,HammerFall,2o18h28enlHxj887tATc58,"gothenburg metal, metal, power metal, speed metal, swedish power metal, symphonic metal",2024-09-05T13:33:56.902Z,2024-09-05,245973,00:04:05,10:29:51,10:33:56,spotify:track:7K8tplxNrEPRR2wcc6y0xT,https://i.scdn.co/image/ab67616d0000b273c74508076e95a160cf40643f
The Magic of the Wizard's Dream (English Version),Rhapsody,0zQfrabOFYf36Ikb6PXcCY,"fantasy metal, italian folk metal, italian metal, italian power metal, metal, neo classical metal, power metal, speed metal, symphonic metal",2024-09-05T13:29:50.294Z,2024-09-05,222333,00:03:42,10:26:08,10:29:50,spotify:track:1DH9pHPoBQ1YJRbzuFfnhV,https://i.scdn.co/image/ab67616d0000b2732c2f67e632335ce3b78855ef
The Answer,Ashes Of Ares,1yNLeUMAzOBA4q3Zki0hjz,,2024-09-05T13:26:07.250Z,2024-09-05,231253,00:03:51,10:22:16,10:26:07,spotify:track:7xEMKl65mZLoNStd5v1Bdl,https://i.scdn.co/image/ab67616d0000b2734935aa38aaed1a2a19ab90f6
The Divided Heart,Elvenking,09b5OcuIELTdD7FfzQzcdB,"fantasy metal, folk metal, gothic symphonic metal, italian folk metal, italian metal, italian power metal, melodic metal, power metal, tolkien metal",2024-09-05T13:22:16.214Z,2024-09-05,278266,00:04:38,10:17:38,10:22:16,spotify:track:5IJIWsdDqJ5guZpNliKHJQ,https://i.scdn.co/image/ab67616d0000b273f4c6a206092b475491e5e37c
Wicked Witch - Remaster 2019,Demons & Wizards,4O6RDLeFX5xuQ7IePFzVcl,"fantasy metal, german metal, german power metal, metal, power metal, speed metal, symphonic metal",2024-09-05T13:17:37.417Z,2024-09-05,212426,00:03:32,10:14:05,10:17:37,spotify:track:3H7DbL0DocayICGmOmc2bD,https://i.scdn.co/image/ab67616d0000b273fc681d3c897f246d64033d8a
The Bard's Song - In the Forest - Remastered 2007,Blind Guardian,7jxJ25p0pPjk0MStloN6o6,"fantasy metal, german metal, german power metal, metal, power metal, speed metal, symphonic metal",2024-09-05T13:14:03.811Z,2024-09-05,189893,00:03:09,10:10:54,10:14:03,spotify:track:7xPGvZaG9W7UOrCgEwbONe,https://i.scdn.co/image/ab67616d0000b273e8c8f9410e7fe5fc25910fc2
A Matter of Time,Circle II Circle,4A5lMJjgeichOwbMKs6Tn0,"power metal, progressive metal, progressive power metal",2024-09-05T13:10:54.257Z,2024-09-05,248266,00:04:08,10:06:46,10:10:54,spotify:track:6YjQwLlywQrmoFaHUpyoGl,https://i.scdn.co/image/ab67616d0000b27392013c81c8376317b1ded29c
Any Means Necessary,HammerFall,2o18h28enlHxj887tATc58,"gothenburg metal, metal, power metal, speed metal, swedish power metal, symphonic metal",2024-09-05T13:06:45.279Z,2024-09-05,215306,00:03:35,10:03:10,10:06:45,spotify:track:0PyZiU4DnQ23rUjx01XlIh,https://i.scdn.co/image/ab67616d0000b273ade19b90900dab383073b9ac
Rise of the Dragon Empire,Bloodbound,6nf7iwR6AoROxfUKZWd1r6,"melodic metal, power metal, swedish heavy metal, swedish power metal, symphonic metal",2024-09-05T13:03:09.415Z,2024-09-05,276986,00:04:36,09:58:33,10:03:09,spotify:track:3JqeGhxwgyVDdO9T8kUeda,https://i.scdn.co/image/ab67616d0000b27342f972f915e4f868d504abad
Believe in Nothing,Nevermore,1wUArE0NhHB8M1bU2WSplY,"groove metal, metal, neo classical metal, power metal, progressive groove metal, progressive metal, seattle metal, thrash metal",2024-09-05T12:58:31.722Z,2024-09-05,261986,00:04:21,09:54:10,09:58:31,spotify:track:3zdUWmaNcbTqv2V7ZYLXQ8,https://i.scdn.co/image/ab67616d0000b27378ae18a19ac33612ff44d58b
Vision 11even * in My Universe,Vanden Plas,1ke5Q2ijh6Tm31kH2HELEe,"christian power metal, german metal, progressive metal",2024-09-05T12:54:08.873Z,2024-09-05,385906,00:06:25,09:47:43,09:54:08,spotify:track:6Wn3oywOi6IaUDsNP2nCDk,https://i.scdn.co/image/ab67616d0000b2735f97cf55fa9011e49bb57120
Eternal,Bruce Dickinson,7Iffw1nP3NjCWkRIx3Ily9,"hard rock, metal, power metal, speed metal",2024-09-05T12:47:43.289Z,2024-09-05,359238,00:05:59,09:41:44,09:47:43,spotify:track:11eahUOGarCgRA56AP7eOw,https://i.scdn.co/image/ab67616d0000b27375af5db718d530e503868325
"Figure 1. the Vla in One of Its More Compact Antenna Array Configurations. the 27 Antennas Are Moveable on Rail Tracks, And Different Configurations Are Used to Obtain Different Spatial Samplings of Incoming Cosmic Radiation.",James Tristan Redding,0FgbNR5XHIKIUqOSMmJSDa,,2024-09-05T03:55:05.329Z,2024-09-05,290477,00:04:50,00:50:15,00:55:05,spotify:track:5RLZ7jNj5OgBL0K74LgVuo,https://i.scdn.co/image/ab67616d0000b27340e0e8ccb6ef4fb4d1c05921
Eternal,Bruce Dickinson,7Iffw1nP3NjCWkRIx3Ily9,"hard rock, metal, power metal, speed metal",2024-09-05T02:33:24.455Z,2024-09-04,359238,00:05:59,23:27:25,23:33:24,spotify:track:11eahUOGarCgRA56AP7eOw,https://i.scdn.co/image/ab67616d0000b27375af5db718d530e503868325
Interdimensional Summit,Dimmu Borgir,6e8ISIsI7UQZPyEorefAhK,"black metal, gothic metal, melodic death metal, metal, norwegian black metal, norwegian metal, power metal, speed metal, symphonic black metal, symphonic metal",2024-09-05T02:29:11.053Z,2024-09-04,279148,00:04:39,23:24:32,23:29:11,spotify:track:3c272JQ5S83nlQ8rjrK5Ur,https://i.scdn.co/image/ab67616d0000b2737c6158ec5efc695b90aa5dde
Endorama,Kreator,3BM0EaYmkKWuPmmHFUTQHv,"death metal, german metal, german thrash metal, hard rock, melodic thrash, metal, old school thrash, speed metal, thrash metal",2024-09-05T02:24:30.701Z,2024-09-04,200746,00:03:20,23:21:10,23:24:30,spotify:track:13aPCea9kYDz0OYYnv1F7D,https://i.scdn.co/image/ab67616d0000b2734db27a046172ca17752b8e9c
Cease the Day,In The Woods...,41E3QF87uVy2sVvX2TobhI,"avant-garde black metal, black metal, norwegian black metal, norwegian metal, symphonic black metal",2024-09-05T02:21:09.778Z,2024-09-04,108812,00:01:48,23:19:21,23:21:09,spotify:track:3XixcbFAWuYSDYRY1m9c03,https://i.scdn.co/image/ab67616d0000b273ff57ab02ebd532bfddfc9771
Believe,Savatage,3N1B1g6JtIgd6ClRkzD4yT,"glam metal, hard rock, metal, power metal, progressive metal, thrash metal, us power metal",2024-09-05T02:19:20.354Z,2024-09-04,342426,00:05:42,23:13:38,23:19:20,spotify:track:6jCA4rJ4caeRuyTxvf9UvA,https://i.scdn.co/image/ab67616d0000b2733ac25821bb901bb68639b201
Kingdom Come,Manowar,4CzUzn54Cp9TQr6a7JIlMZ,"comic metal, hard rock, metal, power metal, speed metal, us power metal",2024-09-05T02:13:37.910Z,2024-09-04,236973,00:03:56,23:09:41,23:13:37,spotify:track:1KJSyY61dglJHGEUV8CdMm,https://i.scdn.co/image/ab67616d0000b27365a0487dad311837ea91129e
Till The End,Motörhead,1DFr97A9HnbV3SKTJFu62M,"alternative metal, hard rock, metal, nu metal, rock, speed metal",2024-09-05T02:09:40.043Z,2024-09-04,245080,00:04:05,23:05:35,23:09:40,spotify:track:1n89RaAdJ19i3vZHwhcHVu,https://i.scdn.co/image/ab67616d0000b27335b663121cfffd62c0b83500
Paranoid,Avenged Sevenfold,0nmQIMXWTXfhgOBdNzhGOs,alternative metal,2024-09-05T02:05:34.534Z,2024-09-04,162690,00:02:42,23:02:52,23:05:34,spotify:track:53pWOzRC9DI6LixasJEdZZ,https://i.scdn.co/image/ab67616d0000b27351a4c25f865262b2a03c7b90
Paranoid,Avenged Sevenfold,0nmQIMXWTXfhgOBdNzhGOs,alternative metal,2024-09-05T02:02:55.208Z,2024-09-04,162690,00:02:42,23:00:13,23:02:55,spotify:track:53pWOzRC9DI6LixasJEdZZ,https://i.scdn.co/image/ab67616d0000b27351a4c25f865262b2a03c7b90
My Destiny Coming To Pass,Sirenia,5FXMcILCOMjljRTV6cLoiE,"gothic metal, gothic symphonic metal, norwegian metal, power metal, symphonic metal",2024-09-05T02:02:18.607Z,2024-09-04,315986,00:05:15,22:57:03,23:02:18,spotify:track:1FHccrOO8B183j5PQGjH9Q,https://i.scdn.co/image/ab67616d0000b27358e2ed70522cfaf3b6dcf5a2
M.I.A.,Avenged Sevenfold,0nmQIMXWTXfhgOBdNzhGOs,alternative metal,2024-09-05T01:57:23.555Z,2024-09-04,526013,00:08:46,22:48:37,22:57:23,spotify:track:3PrvYgv97s5U752pIpDMNf,https://i.scdn.co/image/ab67616d0000b27391b3adb195fd4017fd3d6400
M.I.A.,Avenged Sevenfold,0nmQIMXWTXfhgOBdNzhGOs,alternative metal,2024-09-04T22:03:31.484Z,2024-09-04,526013,00:08:46,18:54:45,19:03:31,spotify:track:3PrvYgv97s5U752pIpDMNf,https://i.scdn.co/image/ab67616d0000b27391b3adb195fd4017fd3d6400
A Matter of Time,Circle II Circle,4A5lMJjgeichOwbMKs6Tn0,"power metal, progressive metal, progressive power metal",2024-09-04T22:00:27.153Z,2024-09-04,248266,00:04:08,18:56:19,19:00:27,spotify:track:6YjQwLlywQrmoFaHUpyoGl,https://i.scdn.co/image/ab67616d0000b27392013c81c8376317b1ded29c
Skogtroll - Extended,Kalandra,2N0vFuOoMtAQfBmhsRo24e,norwegian indie,2024-09-04T21:56:18.398Z,2024-09-04,133418,00:02:13,18:54:05,18:56:18,spotify:track:35CDAyZQ5Ok9R4jG0950vy,https://i.scdn.co/image/ab67616d0000b27382eb12998ce0f223732a214e
Alföðr,Vǫluspá,04sNuGpenIU7aYWLTycRN7,viking folk,2024-09-04T21:54:05.048Z,2024-09-04,80053,00:01:20,18:52:45,18:54:05,spotify:track:2dtNbrnLpYOR2oe3gBjDQA,https://i.scdn.co/image/ab67616d0000b27316c30da78c6b9bb0cc6bb558
Hemkomst,Forndom,1DO3ytbfXlJUOoy77yH7IH,"dungeon synth, rune folk, viking folk",2024-09-04T21:52:44.111Z,2024-09-04,340133,00:05:40,18:47:04,18:52:44,spotify:track:1VtAhBhiXduSG6b3ibvcKG,https://i.scdn.co/image/ab67616d0000b27385017a86214b191a7ee59dca
"Assimulate, Destroy",Lost In Thought,1eaEhax0Mj4NNXxvWEtnUF,"melodic progressive metal, progressive metal, welsh metal",2024-09-04T21:47:03.653Z,2024-09-04,393626,00:06:33,18:40:30,18:47:03,spotify:track:3y4qnbf2hCHxYEgQqN4yxF,https://i.scdn.co/image/ab67616d0000b27330bcaefc07e27747bb714d2f
The Other Side,Sirenia,5FXMcILCOMjljRTV6cLoiE,"gothic metal, gothic symphonic metal, norwegian metal, power metal, symphonic metal",2024-09-04T21:40:29.192Z,2024-09-04,235180,00:03:55,18:36:34,18:40:29,spotify:track:1Ja927Jy7zgsDjTiCzmFJN,https://i.scdn.co/image/ab67616d0000b273478be043502c27f28b205997
Who Am I to Be?,Circle II Circle,4A5lMJjgeichOwbMKs6Tn0,"power metal, progressive metal, progressive power metal",2024-09-04T21:36:33.584Z,2024-09-04,303600,00:05:03,18:31:30,18:36:33,spotify:track:3VGde8pqjIMxHRpeRAu3ww,https://i.scdn.co/image/ab67616d0000b27392013c81c8376317b1ded29c
Sous la lune dansante,Artesia,0wUUKwtuCvOtk9GklaUMj2,"medieval folk, neoclassical darkwave, rune folk",2024-09-04T21:31:29.763Z,2024-09-04,83813,00:01:23,18:30:06,18:31:29,spotify:track:74A1dfSJzeZX9SboASzvLr,https://i.scdn.co/image/ab67616d0000b27347e5051e2965f3292c1dd4d4
Black Diamond,Stratovarius,1O8CSXsPwEqxcoBE360PPO,"finnish power metal, metal, neo classical metal, power metal, progressive metal, speed metal, symphonic metal",2024-09-04T21:30:05.226Z,2024-09-04,340240,00:05:40,18:24:25,18:30:05,spotify:track:1EoN7hqAsyuTUrBjJPzWJF,https://i.scdn.co/image/ab67616d0000b27378582e8a50c60dac62312ca9
Salida,Kveld,3ji6JgdovyG79SpMrZaEnL,viking folk,2024-09-04T21:24:24.440Z,2024-09-04,134500,00:02:14,18:22:10,18:24:24,spotify:track:6ZVTDzSzhti4a1CW5OCAU0,https://i.scdn.co/image/ab67616d0000b273b468a0c320af77e943c138b8
Lullaby,Sunburst,1gr1vOmkKj6iNS9G5lp3F2,"greek metal, melodic progressive metal",2024-09-04T21:22:09.876Z,2024-09-04,247960,00:04:07,18:18:02,18:22:09,spotify:track:47xBqeicfHWfS8jYYbB0EB,https://i.scdn.co/image/ab67616d0000b2735645fe06d7dd78c0912e84cd
My Mind' s Eye,Sirenia,5FXMcILCOMjljRTV6cLoiE,"gothic metal, gothic symphonic metal, norwegian metal, power metal, symphonic metal",2024-09-04T21:18:01.092Z,2024-09-04,218279,00:03:38,18:14:23,18:18:01,spotify:track:6w2vXBqo0gMvB4rBDqkBWd,https://i.scdn.co/image/ab67616d0000b273478be043502c27f28b205997
Out of Reach,Circle II Circle,4A5lMJjgeichOwbMKs6Tn0,"power metal, progressive metal, progressive power metal",2024-09-04T21:14:22.140Z,2024-09-04,249133,00:04:09,18:10:13,18:14:22,spotify:track:0a1dayQBUKHTMhnaIDRibq,https://i.scdn.co/image/ab67616d0000b273d2d183e22b68b7ec677dde2f
Entity,Lost In Thought,1eaEhax0Mj4NNXxvWEtnUF,"melodic progressive metal, progressive metal, welsh metal",2024-09-04T21:10:12.889Z,2024-09-04,394906,00:06:34,18:03:38,18:10:12,spotify:track:1IriARjRaV7otzNuccT6Tu,https://i.scdn.co/image/ab67616d0000b27330bcaefc07e27747bb714d2f
Eagleheart,Stratovarius,1O8CSXsPwEqxcoBE360PPO,"finnish power metal, metal, neo classical metal, power metal, progressive metal, speed metal, symphonic metal",2024-09-04T21:03:37.506Z,2024-09-04,230160,00:03:50,17:59:47,18:03:37,spotify:track:0wC8UdkflVFiR95fL55Uzd,https://i.scdn.co/image/ab67616d0000b27366e7f3aeddb1d1587de8175e
Buried Alive,Avenged Sevenfold,0nmQIMXWTXfhgOBdNzhGOs,alternative metal,2024-09-04T20:59:46.359Z,2024-09-04,404386,00:06:44,17:53:02,17:59:46,spotify:track:4veeNpXDK1YRHMTJ1Cppsg,https://i.scdn.co/image/ab67616d0000b273c34064a3c5e4a25892a091f3
Alive - Pt. I,Darkwater,3VFAEJuUQ6rHfKT9qlZ3Zq,"christian power metal, melodic progressive metal, progressive metal, progressive power metal, swedish progressive metal",2024-09-04T20:53:01.826Z,2024-09-04,85866,00:01:25,17:51:36,17:53:01,spotify:track:5bx99kUBnZuL2T0IS0ewD5,https://i.scdn.co/image/ab67616d0000b2735f50417ecb79c266fe1ff810
The Lucid Door,Sirenia,5FXMcILCOMjljRTV6cLoiE,"gothic metal, gothic symphonic metal, norwegian metal, power metal, symphonic metal",2024-09-04T20:51:35.587Z,2024-09-04,288613,00:04:48,17:46:47,17:51:35,spotify:track:6ogVJbJxaNpCAuaRtxBuDQ,https://i.scdn.co/image/ab67616d0000b273c7cb51b071112ca40aff724a
Into the Wind,Circle II Circle,4A5lMJjgeichOwbMKs6Tn0,"power metal, progressive metal, progressive power metal",2024-09-04T20:46:45.919Z,2024-09-04,258959,00:04:18,17:42:27,17:46:45,spotify:track:417JIZtSKzHkNRf9gvNtwh,https://i.scdn.co/image/ab67616d0000b273d2d183e22b68b7ec677dde2f
New Times Awaken,Lost In Thought,1eaEhax0Mj4NNXxvWEtnUF,"melodic progressive metal, progressive metal, welsh metal",2024-09-04T20:42:27.138Z,2024-09-04,246173,00:04:06,17:38:21,17:42:27,spotify:track:0WtyzwOp9OCqbc33y7Feld,https://i.scdn.co/image/ab67616d0000b27330bcaefc07e27747bb714d2f
Unbreakable - Remastered,Stratovarius,1O8CSXsPwEqxcoBE360PPO,"finnish power metal, metal, neo classical metal, power metal, progressive metal, speed metal, symphonic metal",2024-09-04T20:38:19.561Z,2024-09-04,277546,00:04:37,17:33:42,17:38:19,spotify:track:1IaQLINjiOCSv4INrrv0aS,https://i.scdn.co/image/ab67616d0000b2732fbeffc34d5bbcbc09994c40
Chapter Four,Avenged Sevenfold,0nmQIMXWTXfhgOBdNzhGOs,alternative metal,2024-09-04T20:33:41.454Z,2024-09-04,342533,00:05:42,17:27:59,17:33:41,spotify:track:4ORgqa0GOafXbApy6S8FpJ,https://i.scdn.co/image/ab67616d0000b273fd1f9d8bb6c1c9c2cb229837
The Answer,Ashes Of Ares,1yNLeUMAzOBA4q3Zki0hjz,,2024-09-05T13:26:07.250Z,2024-09-05,231253,00:03:51,10:22:16,10:26:07,spotify:track:7xEMKl65mZLoNStd5v1Bdl,https://i.scdn.co/image/ab67616d0000b2734935aa38aaed1a2a19ab90f6
"Figure 1. the Vla in One of Its More Compact Antenna Array Configurations. the 27 Antennas Are Moveable on Rail Tracks, And Different Configurations Are Used to Obtain Different Spatial Samplings of Incoming Cosmic Radiation.",James Tristan Redding,0FgbNR5XHIKIUqOSMmJSDa,,2024-09-05T03:55:05.329Z,2024-09-05,290477,00:04:50,00:50:15,00:55:05,spotify:track:5RLZ7jNj5OgBL0K74LgVuo,https://i.scdn.co/image/ab67616d0000b27340e0e8ccb6ef4fb4d1c05921
A Part of You,Evereve,7t2RUEJpH75zDwWj37hfnC,"dark rock, gothic metal",2024-09-04T20:27:59.401Z,2024-09-04,146440,00:02:26,17:25:33,17:27:59,spotify:track:0a5MB9TXpXndCFmbRXengY,https://i.scdn.co/image/ab67616d0000b2735c1b23456f6b530641bce8ce
Lost In Life,Sirenia,5FXMcILCOMjljRTV6cLoiE,"gothic metal, gothic symphonic metal, norwegian metal, power metal, symphonic metal",2024-09-04T20:25:32.152Z,2024-09-04,192240,00:03:12,17:22:20,17:25:32,spotify:track:6WMpdVIM1zNOPPWHwDKHHI,https://i.scdn.co/image/ab67616d0000b273c7cb51b071112ca40aff724a
Revelations,Circle II Circle,4A5lMJjgeichOwbMKs6Tn0,"power metal, progressive metal, progressive power metal",2024-09-04T20:14:38.845Z,2024-09-04,221546,00:03:41,17:10:57,17:14:38,spotify:track:09mOxGUuWiJ5HMsL5CWtgR,https://i.scdn.co/image/ab67616d0000b27392013c81c8376317b1ded29c
Seek to Find,Lost In Thought,1eaEhax0Mj4NNXxvWEtnUF,"melodic progressive metal, progressive metal, welsh metal",2024-09-04T20:14:36.417Z,2024-09-04,314640,00:05:14,17:09:22,17:14:36,spotify:track:4wirhvUevQJUJEAajXQv1y,https://i.scdn.co/image/ab67616d0000b27330bcaefc07e27747bb714d2f
Hunting High and Low,Stratovarius,1O8CSXsPwEqxcoBE360PPO,"finnish power metal, metal, neo classical metal, power metal, progressive metal, speed metal, symphonic metal",2024-09-04T20:09:21.345Z,2024-09-04,248866,00:04:08,17:05:13,17:09:21,spotify:track:1vDJE9fE7FB8proknu3u8E,https://i.scdn.co/image/ab67616d0000b273f9b086ac6765f6300968235a
Cease the Day,In The Woods...,41E3QF87uVy2sVvX2TobhI,"avant-garde black metal, black metal, norwegian black metal, norwegian metal, symphonic black metal",2024-09-04T20:05:11.640Z,2024-09-04,108812,00:01:48,17:03:23,17:05:11,spotify:track:3XixcbFAWuYSDYRY1m9c03,https://i.scdn.co/image/ab67616d0000b273ff57ab02ebd532bfddfc9771
This Is My Hell,Ashes Of Ares,1yNLeUMAzOBA4q3Zki0hjz,,2024-09-04T20:03:22.447Z,2024-09-04,313493,00:05:13,16:58:09,17:03:22,spotify:track:1ppcxWKxhdjKWg1LqCO7Q7,https://i.scdn.co/image/ab67616d0000b2734935aa38aaed1a2a19ab90f6
Flowing,Borrtex,6FU6gwUc2OBtUA6TVQLo6C,ambient lo-fi,2024-09-04T19:58:08.499Z,2024-09-04,111633,00:01:51,16:56:17,16:58:08,spotify:track:1AaLnnQZRtfv58NQn7bLTe,https://i.scdn.co/image/ab67616d0000b2735f4c9deefbecd88213a52d77
Kingslayer,Almanac,2YaA3jgeB9GHTMtzfFZfRc,"german power metal, symphonic power metal",2024-09-04T19:56:16.058Z,2024-09-04,93165,00:01:33,16:54:43,16:56:16,spotify:track:741trsOdjAj9fIDvSEJLib,https://i.scdn.co/image/ab67616d0000b2732edebb353df5d8d78e38f17f
Blood Red Diamond,Lost In Thought,1eaEhax0Mj4NNXxvWEtnUF,"melodic progressive metal, progressive metal, welsh metal",2024-09-04T19:54:42.459Z,2024-09-04,331600,00:05:31,16:49:11,16:54:42,spotify:track:4eMTiC4z1xbyw6xRHjx9dS,https://i.scdn.co/image/ab67616d0000b27330bcaefc07e27747bb714d2f
"The Shire, Pt. 1",Threshold,7KTRbZ1YTch5oXQOmQTStM,"prog metal, progressive metal",2024-09-04T19:06:57.923Z,2024-09-04,123632,00:02:03,16:04:54,16:06:57,spotify:track:1HOzk8FRIW8zW2TGIe1Eps,https://i.scdn.co/image/ab67616d0000b273443bb28cff14a6dffd6077c4
The Last Day,Moby,3OsRAKCvk37zwYcnzRf5XF,"downtempo, electronica",2024-09-04T19:05:31.954Z,2024-09-04,281008,00:04:41,16:00:50,16:05:31,spotify:track:2zc02rPbOHBJ26JJgdwanN,https://i.scdn.co/image/ab67616d0000b273e5a74de2d554dffd5bb2444f
Ghost of Swan,Mandragora Scream,1AYR9Ow3g2tzBY9mQYCZUv,"fallen angel, gothic metal, gothic symphonic metal, italian gothic metal, italian metal, symphonic metal",2024-09-04T19:00:49.930Z,2024-09-04,340986,00:05:40,15:55:09,16:00:49,spotify:track:611Ytew2ha6QvFQP6Q8Nga,https://i.scdn.co/image/ab67616d0000b273b02e127776f66b743913e0fa
Lightning & Snow,Woods Of Ypres,24dCDrr94SNSAREMJhBHCs,"canadian black metal, canadian metal, doom metal, gothic metal",2024-09-04T18:55:08.673Z,2024-09-04,280706,00:04:40,15:50:28,15:55:08,spotify:track:0WZWSfFk5iAReQGfIXzCj8,https://i.scdn.co/image/ab67616d0000b273a7e4d2b8e3514866dd34720b
Decadence,Sirenia,5FXMcILCOMjljRTV6cLoiE,"gothic metal, gothic symphonic metal, norwegian metal, power metal, symphonic metal",2024-09-04T18:50:26.832Z,2024-09-04,298920,00:04:58,15:45:28,15:50:26,spotify:track:3TSwX0u2FGO3r0rpO569vw,https://i.scdn.co/image/ab67616d0000b27358e2ed70522cfaf3b6dcf5a2
Without a Sound,Darkwater,3VFAEJuUQ6rHfKT9qlZ3Zq,"christian power metal, melodic progressive metal, progressive metal, progressive power metal, swedish progressive metal",2024-09-04T18:45:27.455Z,2024-09-04,410333,00:06:50,15:38:37,15:45:27,spotify:track:77U96j6QvwedMLjzDufR7d,https://i.scdn.co/image/ab67616d0000b273a056f7b690ccca91e1b27202
Pertho,Wardruna,0NJ6wlOAsAJ1PN4VRdTPKA,"nordic folk, rune folk, viking folk",2024-09-04T18:38:37.492Z,2024-09-04,136533,00:02:16,15:36:21,15:38:37,spotify:track:227P4ibEWh2rHNWRycw59M,https://i.scdn.co/image/ab67616d0000b273424fbb9695bf2646e2c5f542
Emptiness Unobstructed,Nevermore,1wUArE0NhHB8M1bU2WSplY,"groove metal, metal, neo classical metal, power metal, progressive groove metal, progressive metal, seattle metal, thrash metal",2024-09-04T18:36:20.499Z,2024-09-04,277253,00:04:37,15:31:43,15:36:20,spotify:track:7uDHv7HUquYIP8wfIvYU50,https://i.scdn.co/image/ab67616d0000b273cf56e13cdad168215d73bc5c
Vlad,Mandragora Scream,1AYR9Ow3g2tzBY9mQYCZUv,"fallen angel, gothic metal, gothic symphonic metal, italian gothic metal, italian metal, symphonic metal",2024-09-04T15:33:18.055Z,2024-09-04,118120,00:01:58,12:31:20,12:33:18,spotify:track:6pKL304GLlTKD6Cv2GGPff,https://i.scdn.co/image/ab67616d0000b273b02e127776f66b743913e0fa
God Damn,Avenged Sevenfold,0nmQIMXWTXfhgOBdNzhGOs,alternative metal,2024-09-04T15:31:19.935Z,2024-09-04,221973,00:03:41,12:27:38,12:31:19,spotify:track:7DduH5tvoHol2iZqDUX94l,https://i.scdn.co/image/ab67616d0000b273b645f0073b86688922006823
Darkling,Sirenia,5FXMcILCOMjljRTV6cLoiE,"gothic metal, gothic symphonic metal, norwegian metal, power metal, symphonic metal",2024-09-04T15:27:37.166Z,2024-09-04,335213,00:05:35,12:22:02,12:27:37,spotify:track:2a97sBpEyv9ZJohFV1eacG,https://i.scdn.co/image/ab67616d0000b27358e2ed70522cfaf3b6dcf5a2
Still III - Live,The Smiths,3yY2gUcIsjMr8hjo51PoJ8,"madchester, new wave, permanent wave, rock, uk post-punk",2024-09-04T15:22:01.726Z,2024-09-04,215775,00:03:35,12:18:26,12:22:01,spotify:track:2Lik1uda4IhEQzUjzQSyHs,https://i.scdn.co/image/ab67616d0000b273e96f4fc74999502ac3b34eb0
Evoè evoè,Emian,460sAl4XZp7MMKsYu8ysiX,rune folk,2024-09-04T15:18:25.753Z,2024-09-04,156933,00:02:36,12:15:49,12:18:25,spotify:track:6YL2YyMBqQhwjj38cbltnX,https://i.scdn.co/image/ab67616d0000b273a1953ce6fa6a165916ba4c54
Birks of Aberfeldy,Caprice,5wc0IxnlWp9pqSduPbyvZh,"medieval folk, neoclassical darkwave",2024-09-04T15:15:47.598Z,2024-09-04,139040,00:02:19,12:13:28,12:15:47,spotify:track:3HuvQMUiCqzjHbzbrcjbH2,https://i.scdn.co/image/ab67616d0000b273db761341fff3fd32886dfc85
The Crystal Ship,Nevermore,1wUArE0NhHB8M1bU2WSplY,"groove metal, metal, neo classical metal, power metal, progressive groove metal, progressive metal, seattle metal, thrash metal",2024-09-04T15:13:28.134Z,2024-09-04,169333,00:02:49,12:10:39,12:13:28,spotify:track:6SCo6l3AFACmkNrGnPALS4,https://i.scdn.co/image/ab67616d0000b273cf56e13cdad168215d73bc5c
Pure,In The Woods...,41E3QF87uVy2sVvX2TobhI,"avant-garde black metal, black metal, norwegian black metal, norwegian metal, symphonic black metal",2024-09-04T15:10:38.167Z,2024-09-04,441386,00:07:21,12:03:17,12:10:38,spotify:track:1bZF8k3BKc0wbVLqGT4OYk,https://i.scdn.co/image/ab67616d0000b27343fc212f75617f7a777b2feb
Wrong Side of Heaven,Five Finger Death Punch,5t28BP42x2axFnqOOMg3CM,"alternative metal, groove metal, nu metal",2024-09-04T15:03:16.794Z,2024-09-04,271000,00:04:31,11:58:45,12:03:16,spotify:track:11Ojp7JniVvwd0gmgvyKkd,https://i.scdn.co/image/ab67616d0000b27376df46a3fd82c419a2dc0a43
The Rain After the Snow,Dark Lunacy,63P5FOHij9qylmUA4rjHwQ,"italian metal, symphonic death metal, symphonic melodic death metal",2024-09-04T14:58:45.258Z,2024-09-04,261485,00:04:21,11:54:24,11:58:45,spotify:track:0l1y594tEBt10qDGEIo7TF,https://i.scdn.co/image/ab67616d0000b2734944cf6e8273d9a6ce8ebe9a
Ditt Endelikt,Sirenia,5FXMcILCOMjljRTV6cLoiE,"gothic metal, gothic symphonic metal, norwegian metal, power metal, symphonic metal",2024-09-04T14:54:23.018Z,2024-09-04,370920,00:06:10,11:48:13,11:54:23,spotify:track:3uB7hUWu0s93NfFdP8JnH0,https://i.scdn.co/image/ab67616d0000b27358e2ed70522cfaf3b6dcf5a2
Finality,Woods Of Ypres,24dCDrr94SNSAREMJhBHCs,"canadian black metal, canadian metal, doom metal, gothic metal",2024-09-04T14:48:11.445Z,2024-09-04,237613,00:03:57,11:44:14,11:48:11,spotify:track:79FyY4nL5rJs9Yy9qxUh4v,https://i.scdn.co/image/ab67616d0000b273a7e4d2b8e3514866dd34720b
It All Begins Here,Borrtex,6FU6gwUc2OBtUA6TVQLo6C,ambient lo-fi,2024-09-04T14:44:13.986Z,2024-09-04,66156,00:01:06,11:43:07,11:44:13,spotify:track:3Zckk6BHuIzsk0oGnH5xAB,https://i.scdn.co/image/ab67616d0000b273090d89afaa177529cf6e47d1
The Messenger,Ashes Of Ares,1yNLeUMAzOBA4q3Zki0hjz,,2024-09-04T14:43:07.186Z,2024-09-04,307386,00:05:07,11:38:00,11:43:07,spotify:track:11iz1hVYpHul5jM1sCQbZl,https://i.scdn.co/image/ab67616d0000b2734935aa38aaed1a2a19ab90f6
Sympathy For The Devil,Motörhead,1DFr97A9HnbV3SKTJFu62M,"alternative metal, hard rock, metal, nu metal, rock, speed metal",2024-09-04T14:37:59.221Z,2024-09-04,324426,00:05:24,11:32:35,11:37:59,spotify:track:5Yql4ooghbDqwXIvCGXsdx,https://i.scdn.co/image/ab67616d0000b27335b663121cfffd62c0b83500
Awake,Jeremy Soule,77yY2QmM6bYvjJ3y5L2R0v,"orchestral soundtrack, scorecore, video game music",2024-09-04T14:32:33.642Z,2024-09-04,92899,00:01:32,11:31:01,11:32:33,spotify:track:0DrhapFEF5d9Yzg4v914dp,https://i.scdn.co/image/ab67616d0000b273ccc3b356646cd2d89d880a0a
Ducere Me In Lucem,Sirenia,5FXMcILCOMjljRTV6cLoiE,"gothic metal, gothic symphonic metal, norwegian metal, power metal, symphonic metal",2024-09-04T14:31:00.817Z,2024-09-04,212973,00:03:32,11:27:28,11:31:00,spotify:track:3muemqhAJBvEfia734GlO0,https://i.scdn.co/image/ab67616d0000b27358e2ed70522cfaf3b6dcf5a2
Back in Time,Borrtex,6FU6gwUc2OBtUA6TVQLo6C,ambient lo-fi,2024-09-04T14:27:27.055Z,2024-09-04,85399,00:01:25,11:26:02,11:27:27,spotify:track:6KVyd6WJOcjvr0HVKWfHa6,https://i.scdn.co/image/ab67616d0000b2735f4c9deefbecd88213a52d77
Eternal,Bruce Dickinson,7Iffw1nP3NjCWkRIx3Ily9,"hard rock, metal, power metal, speed metal",2024-09-04T14:26:01.163Z,2024-09-04,359238,00:05:59,11:20:02,11:26:01,spotify:track:11eahUOGarCgRA56AP7eOw,https://i.scdn.co/image/ab67616d0000b27375af5db718d530e503868325
Beyond Redemption (Intro),Vanishing Point,3zmUekFSR8SzvgTgpIIM8j,"australian metal, melodic metal, melodic progressive metal, progressive metal",2024-09-04T14:20:01.328Z,2024-09-04,60453,00:01:00,11:19:01,11:20:01,spotify:track:0ODrrZkUgVTuAXqc8iIGGU,https://i.scdn.co/image/ab67616d0000b2731b5c21e3c9111edb599365b7
Sitra Ahra,Therion,5c8Cw62ZYj9XO6iDLRDEsi,"gothic metal, gothic symphonic metal, opera metal, power metal, swedish metal, symphonic black metal, symphonic death metal, symphonic metal",2024-09-04T14:19:00.814Z,2024-09-04,324826,00:05:24,11:13:36,11:19:00,spotify:track:0uLufckMlMqXtnzw2mDoEC,https://i.scdn.co/image/ab67616d0000b2736128153b908498f1cd27e161
Adio (Acoustic Version),Agathodaimon,4wGWp9UJ9wHLNYddWbB0sF,"black metal, german black metal, melodic death metal, romanian black metal, symphonic black metal, viking metal",2024-09-04T14:13:35.217Z,2024-09-04,206586,00:03:26,11:10:09,11:13:35,spotify:track:1M3YkokSuNDJKfR1kkMyxP,https://i.scdn.co/image/ab67616d0000b273df063ca3ff52f917819cb631
When The Sky Comes Looking For You,Motörhead,1DFr97A9HnbV3SKTJFu62M,"alternative metal, hard rock, metal, nu metal, rock, speed metal",2024-09-04T14:10:08.135Z,2024-09-04,178200,00:02:58,11:07:10,11:10:08,spotify:track:7eQC1gaRWWK1bZI4i6ddne,https://i.scdn.co/image/ab67616d0000b27335b663121cfffd62c0b83500
Fragments of a Broken Dream,Dark Lunacy,63P5FOHij9qylmUA4rjHwQ,"italian metal, symphonic death metal, symphonic melodic death metal",2024-09-04T14:07:09.556Z,2024-09-04,170631,00:02:50,11:04:19,11:07:09,spotify:track:3TD733uz9I6NyVx0S7pgm8,https://i.scdn.co/image/ab67616d0000b2734944cf6e8273d9a6ce8ebe9a
Behind Every Decision,Yehezkel Raz,31klRMTQJ94NrxwIZJwJBY,israeli folk,2024-09-04T14:04:18.329Z,2024-09-04,105940,00:01:45,11:02:33,11:04:18,spotify:track:2kbruQXVXFmxxm4l75zuwy,https://i.scdn.co/image/ab67616d0000b273054ee0aacdeda54b56d64255
Beyond the Flames,Lost In Thought,1eaEhax0Mj4NNXxvWEtnUF,"melodic progressive metal, progressive metal, welsh metal",2024-09-04T14:02:31.921Z,2024-09-04,419973,00:06:59,10:55:32,11:02:31,spotify:track:5Nzq4rAdtXJPtqPTWRcrZt,https://i.scdn.co/image/ab67616d0000b27330bcaefc07e27747bb714d2f
Återkomst,Forndom,1DO3ytbfXlJUOoy77yH7IH,"dungeon synth, rune folk, viking folk",2024-09-04T13:55:31.789Z,2024-09-04,148786,00:02:28,10:53:03,10:55:31,spotify:track:2clErPAaFLnMxUxYN2vi1u,https://i.scdn.co/image/ab67616d0000b273d0c9f6b3f3b1a4cf8c65c256
Frozen Space,Mandragora Scream,1AYR9Ow3g2tzBY9mQYCZUv,"fallen angel, gothic metal, gothic symphonic metal, italian gothic metal, italian metal, symphonic metal",2024-09-04T13:53:01.817Z,2024-09-04,282920,00:04:42,10:48:19,10:53:01,spotify:track:4mkNzspKg0VhaRZ0Y1GdKf,https://i.scdn.co/image/ab67616d0000b273b02e127776f66b743913e0fa
A Midsummer Night's Dream,Hexperos,5wtcfpKrb4no7xivzYRfXG,"medieval folk, neoclassical darkwave, rune folk",2024-09-04T13:48:18.537Z,2024-09-04,116017,00:01:56,10:46:22,10:48:18,spotify:track:7Kbyls8tQBJgDJGi6aBeeQ,https://i.scdn.co/image/ab67616d0000b273d0675f1b2fcb6f8cc7290da5
Before You Left,Yehezkel Raz,31klRMTQJ94NrxwIZJwJBY,israeli folk,2024-09-04T13:46:21.475Z,2024-09-04,110900,00:01:50,10:44:31,10:46:21,spotify:track:6IVIZuZrtuSlSPghHR1vRU,https://i.scdn.co/image/ab67616d0000b27315d1b2e5974bf471aef3d76d
This Is My Hell,Ashes Of Ares,1yNLeUMAzOBA4q3Zki0hjz,,2024-09-04T13:44:30.891Z,2024-09-04,313493,00:05:13,10:39:17,10:44:30,spotify:track:1ppcxWKxhdjKWg1LqCO7Q7,https://i.scdn.co/image/ab67616d0000b2734935aa38aaed1a2a19ab90f6
Blood Red Diamond,Lost In Thought,1eaEhax0Mj4NNXxvWEtnUF,"melodic progressive metal, progressive metal, welsh metal",2024-09-04T13:39:16.468Z,2024-09-04,331600,00:05:31,10:33:45,10:39:16,spotify:track:4eMTiC4z1xbyw6xRHjx9dS,https://i.scdn.co/image/ab67616d0000b27330bcaefc07e27747bb714d2f
Interdimensional Summit,Dimmu Borgir,6e8ISIsI7UQZPyEorefAhK,"black metal, gothic metal, melodic death metal, metal, norwegian black metal, norwegian metal, power metal, speed metal, symphonic black metal, symphonic metal",2024-09-04T13:33:44.516Z,2024-09-04,279148,00:04:39,10:29:05,10:33:44,spotify:track:3c272JQ5S83nlQ8rjrK5Ur,https://i.scdn.co/image/ab67616d0000b2737c6158ec5efc695b90aa5dde
Cease the Day,In The Woods...,41E3QF87uVy2sVvX2TobhI,"avant-garde black metal, black metal, norwegian black metal, norwegian metal, symphonic black metal",2024-09-04T13:29:04.928Z,2024-09-04,108812,00:01:48,10:27:16,10:29:04,spotify:track:3XixcbFAWuYSDYRY1m9c03,https://i.scdn.co/image/ab67616d0000b273ff57ab02ebd532bfddfc9771
Unbreakable - Remastered,Stratovarius,1O8CSXsPwEqxcoBE360PPO,"finnish power metal, metal, neo classical metal, power metal, progressive metal, speed metal, symphonic metal",2024-09-04T13:27:15.970Z,2024-09-04,277546,00:04:37,10:22:38,10:27:15,spotify:track:1IaQLINjiOCSv4INrrv0aS,https://i.scdn.co/image/ab67616d0000b2732fbeffc34d5bbcbc09994c40
Kingslayer,Almanac,2YaA3jgeB9GHTMtzfFZfRc,"german power metal, symphonic power metal",2024-09-04T13:22:38.152Z,2024-09-04,93165,00:01:33,10:21:05,10:22:38,spotify:track:741trsOdjAj9fIDvSEJLib,https://i.scdn.co/image/ab67616d0000b2732edebb353df5d8d78e38f17f
Till The End,Motörhead,1DFr97A9HnbV3SKTJFu62M,"alternative metal, hard rock, metal, nu metal, rock, speed metal",2024-09-04T13:21:04.044Z,2024-09-04,245080,00:04:05,10:16:59,10:21:04,spotify:track:1n89RaAdJ19i3vZHwhcHVu,https://i.scdn.co/image/ab67616d0000b27335b663121cfffd62c0b83500
Seek to Find,Lost In Thought,1eaEhax0Mj4NNXxvWEtnUF,"melodic progressive metal, progressive metal, welsh metal",2024-09-04T13:16:58.248Z,2024-09-04,314640,00:05:14,10:11:44,10:16:58,spotify:track:4wirhvUevQJUJEAajXQv1y,https://i.scdn.co/image/ab67616d0000b27330bcaefc07e27747bb714d2f
Vision 11even * in My Universe,Vanden Plas,1ke5Q2ijh6Tm31kH2HELEe,"christian power metal, german metal, progressive metal",2024-09-04T13:11:43.196Z,2024-09-04,385906,00:06:25,10:05:18,10:11:43,spotify:track:6Wn3oywOi6IaUDsNP2nCDk,https://i.scdn.co/image/ab67616d0000b2735f97cf55fa9011e49bb57120
Buried Alive,Avenged Sevenfold,0nmQIMXWTXfhgOBdNzhGOs,alternative metal,2024-09-04T13:05:17.385Z,2024-09-04,404386,00:06:44,09:58:33,10:05:17,spotify:track:4veeNpXDK1YRHMTJ1Cppsg,https://i.scdn.co/image/ab67616d0000b273c34064a3c5e4a25892a091f3
Ragnars Kvæði,Týr,6TmGNPW2oDM5uaXBILozGa,"faroese rock, folk metal, nordic folk metal, power metal, symphonic metal, viking metal",2024-09-04T12:58:32.172Z,2024-09-04,248186,00:04:08,09:54:24,09:58:32,spotify:track:4BFAWseIEtcdOKAiAxVLB7,https://i.scdn.co/image/ab67616d0000b27380a0aaa670354c7fb4188e89
The Swan In The Lake,Julius Nilsson,6TldgZgNH66W2AGRLsqwPX,,2024-09-04T04:43:13.961Z,2024-09-04,119512,00:01:59,01:41:14,01:43:13,spotify:track:1P2owVvqc0HB40gKhVgKe0,https://i.scdn.co/image/ab67616d0000b27398472798cf8d4b30d24249e8
Little Boy Blue,Lene Terne,62VY5pvpRQPKrQ4n8YVOR8,,2024-09-04T02:54:49.444Z,2024-09-03,87750,00:01:27,23:53:22,23:54:49,spotify:track:5ahdo7kQdsDQWDRtPs6kGn,https://i.scdn.co/image/ab67616d0000b27352e145c19a33bd23a0d78610
Paper Boat,Michel Couture,6qKPv4O4fkzGQhybUN1Vug,,2024-09-04T02:53:21.704Z,2024-09-03,103466,00:01:43,23:51:38,23:53:21,spotify:track:1M4DvCcKGx4dmEfYxnW8I7,https://i.scdn.co/image/ab67616d0000b273dfb5f16b4c608eaa49e64efa
Under the Twilight Rays,Iris Avory,20V4zCnXKfYPn2rzNQaRMF,,2024-09-04T02:51:38.132Z,2024-09-03,107034,00:01:47,23:49:51,23:51:38,spotify:track:1pQc8bSzu550taYNPBn52J,https://i.scdn.co/image/ab67616d0000b27395f48c66e0eff784119517af
I Am A Tree,Alice Greye,4RdZNnJK1W6fJNOr9KrKpn,,2024-09-04T02:49:51.168Z,2024-09-03,75565,00:01:15,23:48:36,23:49:51,spotify:track:0k1SFEKCVR8kjNNpkaWelN,https://i.scdn.co/image/ab67616d0000b2732a56e1a518e2af26b4602f12
Delicate,Fröe,0OZxzIeQtg2hGlRD4B5gLQ,,2024-09-04T02:48:35.666Z,2024-09-03,105104,00:01:45,23:46:50,23:48:35,spotify:track:5EJ0n1uUon8I2IdOweJD8b,https://i.scdn.co/image/ab67616d0000b273fe2da0c9b9761f09ed4b6aa1
A Happy Dream,Tim Forsman,6WIsjeZGICaslPXO5dAGR7,,2024-09-04T02:46:50.438Z,2024-09-03,83374,00:01:23,23:45:27,23:46:50,spotify:track:3bvKY28py9TwJAX7J00r54,https://i.scdn.co/image/ab67616d0000b273c4e2ae936478f22d69b137d7
Little Boo Peep,Lucy Meadow,4lgSGJyxvZWnpPUEbC6quz,,2024-09-04T02:45:27.183Z,2024-09-03,125625,00:02:05,23:43:22,23:45:27,spotify:track:5yhitC31vZSeGw9ColA6Kr,https://i.scdn.co/image/ab67616d0000b273f3e98345e7b62c82929ade6a
"Baa, Baa, Black Sheep",Freddie Leland,1ZcNkiNnCczkWXc5C6Ukxx,,2024-09-04T02:43:21.486Z,2024-09-03,136486,00:02:16,23:41:05,23:43:21,spotify:track:4uqmmpElZ5oKk4e98uQePi,https://i.scdn.co/image/ab67616d0000b273f55b801ed91e7d3c61624bc0
Sleep Tight Little Friend,Isaac Tira,36itJVdaUkayBbmezbbDo7,,2024-09-04T02:41:05.032Z,2024-09-03,113267,00:01:53,23:39:12,23:41:05,spotify:track:7AKWpfDjaLU8gfO8d548Jg,https://i.scdn.co/image/ab67616d0000b2733d73803ffa90d80a9c322ff7
Twinkle Toes,Nova Haeberle,2bPE8R7dgDiI7O5P2Qf8S9,,2024-09-04T02:39:11.781Z,2024-09-03,107826,00:01:47,23:37:24,23:39:11,spotify:track:7JOZY5i5BxBvJ6h0kvelQ0,https://i.scdn.co/image/ab67616d0000b273aca1425e74602258bf43d18b
Three Jolly Fishermen,Kim Savege,2UdEGunC9lK2FrpV4Rf1gZ,,2024-09-04T02:37:23.949Z,2024-09-03,78073,00:01:18,23:36:05,23:37:23,spotify:track:43F86Pd7zjLtyPx3pxD02P,https://i.scdn.co/image/ab67616d0000b2735d449c37415f5795730f26cc
The Colours,Sandy Blau,6p8V4tzveoaAM4qoQepvDl,,2024-09-04T02:36:05.874Z,2024-09-03,75103,00:01:15,23:34:50,23:36:05,spotify:track:0ccOxQa7k63uCjFieGYbx5,https://i.scdn.co/image/ab67616d0000b273c79b0a45f1569b3179ed27ff
Ida's Summer Song,Miriam Modest,1pNPm4X2b7wMtlZ2CQQcvb,,2024-09-04T02:34:50.752Z,2024-09-03,125257,00:02:05,23:32:45,23:34:50,spotify:track:6nNB0oOWTMWpjXCfGthHSQ,https://i.scdn.co/image/ab67616d0000b27344ef20faf436dd65fdab386e
Sing And Swing,Catherine Finch,2PPbLifiSbhXZZwfjtr4Kk,,2024-09-04T02:32:45.497Z,2024-09-03,104124,00:01:44,23:31:01,23:32:45,spotify:track:1g27egm6LvcdLAaGP3rveX,https://i.scdn.co/image/ab67616d0000b2733ef807f9da505756162e5b42
"Sleep, Everyone",Graham Lullington,0eFEGw7eoz5CUwfvssyzjK,,2024-09-04T02:31:01.363Z,2024-09-03,84833,00:01:24,23:29:37,23:31:01,spotify:track:5et4YeFJHUnWWu1HwcAOTt,https://i.scdn.co/image/ab67616d0000b273e623585b2d0cafd958339379
A Whole New World,The Cardboards,6nb7HIU4p1mORQurLGhDYu,,2024-09-04T02:29:36.579Z,2024-09-03,142545,00:02:22,23:27:14,23:29:36,spotify:track:3uo60yCYpFb5Ydz5hlAiOp,https://i.scdn.co/image/ab67616d0000b273c5f4d8fb162c59081e4e8b76
Mister Rabbit,Sloan Sandford,1hvX04I5h74auPq2xmHvGr,,2024-09-04T02:27:13.987Z,2024-09-03,83373,00:01:23,23:25:50,23:27:13,spotify:track:3vjdVYb1TiEm4vmoXvIucK,https://i.scdn.co/image/ab67616d0000b273c0120b43c812666d7b87e9d9
Fun Adventure,Daisy Day,2zqel9OQCR3eMNSOXMj0Mb,,2024-09-04T02:25:50.634Z,2024-09-03,146176,00:02:26,23:23:24,23:25:50,spotify:track:3LwAe77XnL0B49uC6jDVTh,https://i.scdn.co/image/ab67616d0000b273f540fb64a7ffc032872600ab
Baby Bear’s Ballad,Madeline Lavender,1NHyRzNtgtp43tHBx9jFhx,,2024-09-04T02:23:24.436Z,2024-09-03,148500,00:02:28,23:20:56,23:23:24,spotify:track:5wwecYMNWdNcRwoIkZcsLX,https://i.scdn.co/image/ab67616d0000b2732192a6071f0baeb7d9d125a6
The Dreamweaver's Journey,Rigmor Ljungman,7sIlNeR6xW9xfJ65yOKH8Z,instrumental lullaby,2024-09-04T02:20:55.989Z,2024-09-03,95250,00:01:35,23:19:20,23:20:55,spotify:track:6oppGfsWnBibN2EO2YAqhJ,https://i.scdn.co/image/ab67616d0000b273a80fa15a7aeae7bff398a903
On A Fluffy Starbed,Isaac Tira,36itJVdaUkayBbmezbbDo7,,2024-09-04T02:19:20.666Z,2024-09-03,134176,00:02:14,23:17:06,23:19:20,spotify:track:4V1xcjw4KmYYSkMRMeFA0N,https://i.scdn.co/image/ab67616d0000b2737252154e65543f7aab5fb788
Stroll 'n' Roll,Jesse Birkman,5TJ2Xx7poTZRmfEWmsZZhH,instrumental lullaby,2024-09-04T02:17:06.546Z,2024-09-03,117074,00:01:57,23:15:09,23:17:06,spotify:track:7EqXDeQw7FSSUId8UebI7c,https://i.scdn.co/image/ab67616d0000b273b3b82d754aca41eecd1259cf
Sleepy Clouds,Petra Mogensen,6aNZ6GQv8yP3HFmpXtGY5r,,2024-09-04T02:15:09.443Z,2024-09-03,71257,00:01:11,23:13:58,23:15:09,spotify:track:7fMrzJgBQSprNEV7iFI68u,https://i.scdn.co/image/ab67616d0000b2731a0e0b983a72a4f0c44fd294
You Are Feeling Sleepy,Amos Green,3krCByMqEQnYRWPZMCE5IY,,2024-09-04T02:13:58.141Z,2024-09-03,87308,00:01:27,23:12:31,23:13:58,spotify:track:6mGuFs42JhtarklWdVUyOt,https://i.scdn.co/image/ab67616d0000b27375ff9f2a8e6c66ce7dca6034
To the Store We Go,Nolan Wren,1bglI3t0xRpDdeiYugmOz0,,2024-09-04T02:12:30.873Z,2024-09-03,86041,00:01:26,23:11:04,23:12:30,spotify:track:6uPZZCrR9eFJwhZdjwRhyk,https://i.scdn.co/image/ab67616d0000b273253ae5c5b20dbd5b0386f7bb
We Are Three Musicians,Anton Bruch,7zT8gDSxsr4jwMiv2gCqIs,,2024-09-04T02:11:04.888Z,2024-09-03,67773,00:01:07,23:09:57,23:11:04,spotify:track:6M0tKLVH56wlV7WEo9bgf1,https://i.scdn.co/image/ab67616d0000b273a47bce2c691dd419814cf2bc
Old Macdonald Had A Farm,Maverick Selby,70qivo8pTGpQqrjHgWYvqO,,2024-09-04T02:09:57.033Z,2024-09-03,98608,00:01:38,23:08:19,23:09:57,spotify:track:75apuD4FSexqsVIVE6czFc,https://i.scdn.co/image/ab67616d0000b27324ae7c1ee8c81558a28c5a60
Mary Had A Little Lamb,Titus S.,0oi41A3WnpwtHeRIctpGNV,,2024-09-04T02:08:18.796Z,2024-09-03,89217,00:01:29,23:06:49,23:08:18,spotify:track:5MFR2Gq7oBZvTjxdCp8WJc,https://i.scdn.co/image/ab67616d0000b273f542a6caa471581a1b8cf143
London Bridge (Piano Version),John B. Lund,7aeRsfmuN284l1Hs1eyVbW,music box,2024-09-04T02:06:49.235Z,2024-09-03,94000,00:01:34,23:05:15,23:06:49,spotify:track:53OUBSsdeNaLWBlJgsCmCf,https://i.scdn.co/image/ab67616d0000b273d7729557a204120dae28af50
Itsy bitsy spider,Mingmei Hsueh,2Z1JaXCxqUBOH0Zm2Eyrxq,piano cover,2024-09-04T02:05:15.263Z,2024-09-03,82500,00:01:22,23:03:53,23:05:15,spotify:track:1oMUYmXy85ZOQGZ2fylBiN,https://i.scdn.co/image/ab67616d0000b2739ff1080d298e8299d693bc1d
Brahms Lullaby,Lucy Bennett,2gpFIVZUCq1gf8RALTZaWj,,2024-09-04T02:03:52.777Z,2024-09-03,99877,00:01:39,23:02:13,23:03:52,spotify:track:6ffUjpr83utMRU2X4BDu63,https://i.scdn.co/image/ab67616d0000b273665d6b36d44d288190331c4a
"Twinkle, Twinkle, Little Star",Adelmar Borrego,5bdLiUDd0rIMAkT1y6zLaE,instrumental lullaby,2024-09-04T02:02:12.891Z,2024-09-03,100562,00:01:40,23:00:32,23:02:12,spotify:track:147gCksvDRmjG1pO51ZCcf,https://i.scdn.co/image/ab67616d0000b2730c9ef77b37c210ab8ba448ae
Wash,Miki Matsubara,4hUmsYcvD8C5zuVSP93jb1,classic city pop,2024-09-04T02:00:30.623Z,2024-09-03,271040,00:04:31,22:55:59,23:00:30,spotify:track:0M9q4H3pQaoNUgBXZj34U1,https://i.scdn.co/image/ab67616d0000b27381052badd62d5e14c3377786
Just a Joke,Yurie Kokubu,1TnNKsMdzxwBiHkde10tPX,classic city pop,2024-09-04T01:58:39.163Z,2024-09-03,189213,00:03:09,22:55:30,22:58:39,spotify:track:1dLeSutde2Nt4DIWaLKxXO,https://i.scdn.co/image/ab67616d0000b2735190706dec2eaabebd08059e
Midnight Pretenders,Tomoko Aran,2flF63KTodI9rSqbP5gCnp,classic city pop,2024-09-04T01:55:29.783Z,2024-09-03,345266,00:05:45,22:49:44,22:55:29,spotify:track:0JUWF44gfMszGNhjCF7Ufs,https://i.scdn.co/image/ab67616d0000b273138d0143d948a5314d1aea19
街のドルフィン,Kingo Hamada,2FdiOm1d5IVBdLlobhzlTF,classic city pop,2024-09-04T01:49:43.866Z,2024-09-03,232893,00:03:52,22:45:51,22:49:43,spotify:track:5w6EvyvomUSWsF430iixmc,https://i.scdn.co/image/ab67616d0000b27399c0ecaf5aca482a51acf628
チャイニーズ・レストラン,間宮貴子,4rVB9YY0kKlV5iBATVGxQy,classic city pop,2024-09-04T01:45:50.820Z,2024-09-03,232853,00:03:52,22:41:58,22:45:50,spotify:track:12OhRXRZPgMSSBLNO5ibSC,https://i.scdn.co/image/ab67616d0000b273201e417b261e3e65ecff9681
Remember Summer Days,Anri,0xGtOrmB2hnrNRLG3vhpSo,classic city pop,2024-09-04T01:41:56.978Z,2024-09-03,295666,00:04:55,22:37:01,22:41:56,spotify:track:1qUo7d5lAOclNVbTUY0A2R,https://i.scdn.co/image/ab67616d0000b273cfd93d36fe2365f9436587d1
FRIDAY MAGIC,Meiko Nakahara,0dIGBGRHRiNzdTpZofcJ3Z,,2024-09-04T01:37:01.281Z,2024-09-03,209333,00:03:29,22:33:32,22:37:01,spotify:track:1WVrvbi3Ee3ifFu2Aw528i,https://i.scdn.co/image/ab67616d0000b273c808dc5504b9da2b72608cc7
Plastic Love,Mariya Takeuchi,3WwGRA2o4Ux1RRMYaYDh7N,"classic city pop, idol kayo, japanese singer-songwriter",2024-09-04T01:33:30.717Z,2024-09-03,294493,00:04:54,22:28:36,22:33:30,spotify:track:7rU6Iebxzlvqy5t857bKFq,https://i.scdn.co/image/ab67616d0000b273ba6b3322182afc4136521d2c
黄昏のBAY CITY,Junko Yagami,6ooFYQBSq3sFEipwHfw5gr,"classic city pop, japanese singer-songwriter",2024-09-04T01:28:36.362Z,2024-09-03,250373,00:04:10,22:24:26,22:28:36,spotify:track:4wUQvovMEkByMvZNCecZ9v,https://i.scdn.co/image/ab67616d0000b2737e97491c0ff0be3a0d9a41a2
Fly-day Chinatown,泰葉,0W2BSNBblzlWTk4bD2A9uR,,2024-09-04T01:24:24.938Z,2024-09-03,208493,00:03:28,22:20:56,22:24:24,spotify:track:2uXlHiOE4o5xHOCiob8DKn,https://i.scdn.co/image/ab67616d0000b27368a5d2cd77f7abef0b964981
Mayonaka no Door / Stay With Me,Miki Matsubara,4hUmsYcvD8C5zuVSP93jb1,classic city pop,2024-09-04T01:20:56.267Z,2024-09-03,312293,00:05:12,22:15:44,22:20:56,spotify:track:2BHj31ufdEqVK5CkYDp9mA,https://i.scdn.co/image/ab67616d0000b27381052badd62d5e14c3377786
真夜中のジョーク,間宮貴子,4rVB9YY0kKlV5iBATVGxQy,classic city pop,2024-09-04T01:15:43.846Z,2024-09-03,292866,00:04:52,22:10:51,22:15:43,spotify:track:2l87IVFxZYLKKuRZCCIyV9,https://i.scdn.co/image/ab67616d0000b273201e417b261e3e65ecff9681
4:00A.M.,Taeko Onuki,5QeCklzEEYSSLWeUxuWeBy,"anime, classic city pop, japanese new wave, techno kayo",2024-09-04T01:10:49.641Z,2024-09-03,336960,00:05:36,22:05:13,22:10:49,spotify:track:0zoGVO4bQXG8U6ChKwNgeg,https://i.scdn.co/image/ab67616d0000b273653cd3e7a318ccd0c86cac26
鏡の中のアクトレス,Meiko Nakahara,0dIGBGRHRiNzdTpZofcJ3Z,,2024-09-04T01:05:12.241Z,2024-09-03,215226,00:03:35,22:01:37,22:05:12,spotify:track:5Aqe880HNpsQAkjWqWGqdu,https://i.scdn.co/image/ab67616d0000b273c808dc5504b9da2b72608cc7
The Swan In The Lake,Julius Nilsson,6TldgZgNH66W2AGRLsqwPX,,2024-09-03T02:55:42.147Z,2024-09-02,119512,00:01:59,23:53:43,23:55:42,spotify:track:1P2owVvqc0HB40gKhVgKe0,https://i.scdn.co/image/ab67616d0000b27398472798cf8d4b30d24249e8
Little Boy Blue,Lene Terne,62VY5pvpRQPKrQ4n8YVOR8,,2024-09-03T02:55:02.777Z,2024-09-02,87750,00:01:27,23:53:35,23:55:02,spotify:track:5ahdo7kQdsDQWDRtPs6kGn,https://i.scdn.co/image/ab67616d0000b27352e145c19a33bd23a0d78610
Paper Boat,Michel Couture,6qKPv4O4fkzGQhybUN1Vug,,2024-09-03T02:53:35.040Z,2024-09-02,103466,00:01:43,23:51:52,23:53:35,spotify:track:1M4DvCcKGx4dmEfYxnW8I7,https://i.scdn.co/image/ab67616d0000b273dfb5f16b4c608eaa49e64efa
Under the Twilight Rays,Iris Avory,20V4zCnXKfYPn2rzNQaRMF,,2024-09-03T02:51:51.498Z,2024-09-02,107034,00:01:47,23:50:04,23:51:51,spotify:track:1pQc8bSzu550taYNPBn52J,https://i.scdn.co/image/ab67616d0000b27395f48c66e0eff784119517af
I Am A Tree,Alice Greye,4RdZNnJK1W6fJNOr9KrKpn,,2024-09-03T02:50:04.466Z,2024-09-02,75565,00:01:15,23:48:49,23:50:04,spotify:track:0k1SFEKCVR8kjNNpkaWelN,https://i.scdn.co/image/ab67616d0000b2732a56e1a518e2af26b4602f12
Delicate,Fröe,0OZxzIeQtg2hGlRD4B5gLQ,,2024-09-03T02:48:49.009Z,2024-09-02,105104,00:01:45,23:47:04,23:48:49,spotify:track:5EJ0n1uUon8I2IdOweJD8b,https://i.scdn.co/image/ab67616d0000b273fe2da0c9b9761f09ed4b6aa1
A Happy Dream,Tim Forsman,6WIsjeZGICaslPXO5dAGR7,,2024-09-03T02:47:03.790Z,2024-09-02,83374,00:01:23,23:45:40,23:47:03,spotify:track:3bvKY28py9TwJAX7J00r54,https://i.scdn.co/image/ab67616d0000b273c4e2ae936478f22d69b137d7
Little Boo Peep,Lucy Meadow,4lgSGJyxvZWnpPUEbC6quz,,2024-09-03T02:45:40.497Z,2024-09-02,125625,00:02:05,23:43:35,23:45:40,spotify:track:5yhitC31vZSeGw9ColA6Kr,https://i.scdn.co/image/ab67616d0000b273f3e98345e7b62c82929ade6a
"Baa, Baa, Black Sheep",Freddie Leland,1ZcNkiNnCczkWXc5C6Ukxx,,2024-09-03T02:43:34.787Z,2024-09-02,136486,00:02:16,23:41:18,23:43:34,spotify:track:4uqmmpElZ5oKk4e98uQePi,https://i.scdn.co/image/ab67616d0000b273f55b801ed91e7d3c61624bc0
Sleep Tight Little Friend,Isaac Tira,36itJVdaUkayBbmezbbDo7,,2024-09-03T02:41:18.369Z,2024-09-02,113267,00:01:53,23:39:25,23:41:18,spotify:track:7AKWpfDjaLU8gfO8d548Jg,https://i.scdn.co/image/ab67616d0000b2733d73803ffa90d80a9c322ff7
Twinkle Toes,Nova Haeberle,2bPE8R7dgDiI7O5P2Qf8S9,,2024-09-03T02:39:25.180Z,2024-09-02,107826,00:01:47,23:37:38,23:39:25,spotify:track:7JOZY5i5BxBvJ6h0kvelQ0,https://i.scdn.co/image/ab67616d0000b273aca1425e74602258bf43d18b
Three Jolly Fishermen,Kim Savege,2UdEGunC9lK2FrpV4Rf1gZ,,2024-09-03T02:37:37.283Z,2024-09-02,78073,00:01:18,23:36:19,23:37:37,spotify:track:43F86Pd7zjLtyPx3pxD02P,https://i.scdn.co/image/ab67616d0000b2735d449c37415f5795730f26cc
The Colours,Sandy Blau,6p8V4tzveoaAM4qoQepvDl,,2024-09-03T02:36:19.188Z,2024-09-02,75103,00:01:15,23:35:04,23:36:19,spotify:track:0ccOxQa7k63uCjFieGYbx5,https://i.scdn.co/image/ab67616d0000b273c79b0a45f1569b3179ed27ff
Ida's Summer Song,Miriam Modest,1pNPm4X2b7wMtlZ2CQQcvb,,2024-09-03T02:35:04.078Z,2024-09-02,125257,00:02:05,23:32:59,23:35:04,spotify:track:6nNB0oOWTMWpjXCfGthHSQ,https://i.scdn.co/image/ab67616d0000b27344ef20faf436dd65fdab386e
Sing And Swing,Catherine Finch,2PPbLifiSbhXZZwfjtr4Kk,,2024-09-03T02:32:58.785Z,2024-09-02,104124,00:01:44,23:31:14,23:32:58,spotify:track:1g27egm6LvcdLAaGP3rveX,https://i.scdn.co/image/ab67616d0000b2733ef807f9da505756162e5b42
"Sleep, Everyone",Graham Lullington,0eFEGw7eoz5CUwfvssyzjK,,2024-09-03T02:31:14.701Z,2024-09-02,84833,00:01:24,23:29:50,23:31:14,spotify:track:5et4YeFJHUnWWu1HwcAOTt,https://i.scdn.co/image/ab67616d0000b273e623585b2d0cafd958339379
A Whole New World,The Cardboards,6nb7HIU4p1mORQurLGhDYu,,2024-09-03T02:29:49.953Z,2024-09-02,142545,00:02:22,23:27:27,23:29:49,spotify:track:3uo60yCYpFb5Ydz5hlAiOp,https://i.scdn.co/image/ab67616d0000b273c5f4d8fb162c59081e4e8b76
Mister Rabbit,Sloan Sandford,1hvX04I5h74auPq2xmHvGr,,2024-09-03T02:27:27.281Z,2024-09-02,83373,00:01:23,23:26:04,23:27:27,spotify:track:3vjdVYb1TiEm4vmoXvIucK,https://i.scdn.co/image/ab67616d0000b273c0120b43c812666d7b87e9d9
Fun Adventure,Daisy Day,2zqel9OQCR3eMNSOXMj0Mb,,2024-09-03T02:26:03.991Z,2024-09-02,146176,00:02:26,23:23:37,23:26:03,spotify:track:3LwAe77XnL0B49uC6jDVTh,https://i.scdn.co/image/ab67616d0000b273f540fb64a7ffc032872600ab
Baby Bear’s Ballad,Madeline Lavender,1NHyRzNtgtp43tHBx9jFhx,,2024-09-03T02:23:37.774Z,2024-09-02,148500,00:02:28,23:21:09,23:23:37,spotify:track:5wwecYMNWdNcRwoIkZcsLX,https://i.scdn.co/image/ab67616d0000b2732192a6071f0baeb7d9d125a6
The Dreamweaver's Journey,Rigmor Ljungman,7sIlNeR6xW9xfJ65yOKH8Z,instrumental lullaby,2024-09-03T02:21:09.278Z,2024-09-02,95250,00:01:35,23:19:34,23:21:09,spotify:track:6oppGfsWnBibN2EO2YAqhJ,https://i.scdn.co/image/ab67616d0000b273a80fa15a7aeae7bff398a903
On A Fluffy Starbed,Isaac Tira,36itJVdaUkayBbmezbbDo7,,2024-09-03T02:19:33.934Z,2024-09-02,134176,00:02:14,23:17:19,23:19:33,spotify:track:4V1xcjw4KmYYSkMRMeFA0N,https://i.scdn.co/image/ab67616d0000b2737252154e65543f7aab5fb788
Stroll 'n' Roll,Jesse Birkman,5TJ2Xx7poTZRmfEWmsZZhH,instrumental lullaby,2024-09-03T02:17:19.885Z,2024-09-02,117074,00:01:57,23:15:22,23:17:19,spotify:track:7EqXDeQw7FSSUId8UebI7c,https://i.scdn.co/image/ab67616d0000b273b3b82d754aca41eecd1259cf
Sleepy Clouds,Petra Mogensen,6aNZ6GQv8yP3HFmpXtGY5r,,2024-09-03T02:15:22.812Z,2024-09-02,71257,00:01:11,23:14:11,23:15:22,spotify:track:7fMrzJgBQSprNEV7iFI68u,https://i.scdn.co/image/ab67616d0000b2731a0e0b983a72a4f0c44fd294
You Are Feeling Sleepy,Amos Green,3krCByMqEQnYRWPZMCE5IY,,2024-09-03T02:14:11.474Z,2024-09-02,87308,00:01:27,23:12:44,23:14:11,spotify:track:6mGuFs42JhtarklWdVUyOt,https://i.scdn.co/image/ab67616d0000b27375ff9f2a8e6c66ce7dca6034
To the Store We Go,Nolan Wren,1bglI3t0xRpDdeiYugmOz0,,2024-09-03T02:12:44.178Z,2024-09-02,86041,00:01:26,23:11:18,23:12:44,spotify:track:6uPZZCrR9eFJwhZdjwRhyk,https://i.scdn.co/image/ab67616d0000b273253ae5c5b20dbd5b0386f7bb
We Are Three Musicians,Anton Bruch,7zT8gDSxsr4jwMiv2gCqIs,,2024-09-03T02:11:18.237Z,2024-09-02,67773,00:01:07,23:10:11,23:11:18,spotify:track:6M0tKLVH56wlV7WEo9bgf1,https://i.scdn.co/image/ab67616d0000b273a47bce2c691dd419814cf2bc
Old Macdonald Had A Farm,Maverick Selby,70qivo8pTGpQqrjHgWYvqO,,2024-09-03T02:10:10.396Z,2024-09-02,98608,00:01:38,23:08:32,23:10:10,spotify:track:75apuD4FSexqsVIVE6czFc,https://i.scdn.co/image/ab67616d0000b27324ae7c1ee8c81558a28c5a60
Mary Had A Little Lamb,Titus S.,0oi41A3WnpwtHeRIctpGNV,,2024-09-03T02:08:31.781Z,2024-09-02,89217,00:01:29,23:07:02,23:08:31,spotify:track:5MFR2Gq7oBZvTjxdCp8WJc,https://i.scdn.co/image/ab67616d0000b273f542a6caa471581a1b8cf143
London Bridge (Piano Version),John B. Lund,7aeRsfmuN284l1Hs1eyVbW,music box,2024-09-03T02:07:02.580Z,2024-09-02,94000,00:01:34,23:05:28,23:07:02,spotify:track:53OUBSsdeNaLWBlJgsCmCf,https://i.scdn.co/image/ab67616d0000b273d7729557a204120dae28af50
Itsy bitsy spider,Mingmei Hsueh,2Z1JaXCxqUBOH0Zm2Eyrxq,piano cover,2024-09-03T02:05:28.604Z,2024-09-02,82500,00:01:22,23:04:06,23:05:28,spotify:track:1oMUYmXy85ZOQGZ2fylBiN,https://i.scdn.co/image/ab67616d0000b2739ff1080d298e8299d693bc1d
Brahms Lullaby,Lucy Bennett,2gpFIVZUCq1gf8RALTZaWj,,2024-09-03T02:04:06.109Z,2024-09-02,99877,00:01:39,23:02:27,23:04:06,spotify:track:6ffUjpr83utMRU2X4BDu63,https://i.scdn.co/image/ab67616d0000b273665d6b36d44d288190331c4a
"Twinkle, Twinkle, Little Star",Adelmar Borrego,5bdLiUDd0rIMAkT1y6zLaE,instrumental lullaby,2024-09-03T02:02:26.365Z,2024-09-02,100562,00:01:40,23:00:46,23:02:26,spotify:track:147gCksvDRmjG1pO51ZCcf,https://i.scdn.co/image/ab67616d0000b2730c9ef77b37c210ab8ba448ae
Heart of Steel,Manowar,4CzUzn54Cp9TQr6a7JIlMZ,"comic metal, hard rock, metal, power metal, speed metal, us power metal",2024-09-02T23:10:27.333Z,2024-09-02,310733,00:05:10,20:05:17,20:10:27,spotify:track:4YXhOackOMOlQTMAwsDHo6,https://i.scdn.co/image/ab67616d0000b27365a0487dad311837ea91129e
Adio (Acoustic Version),Agathodaimon,4wGWp9UJ9wHLNYddWbB0sF,"black metal, german black metal, melodic death metal, romanian black metal, symphonic black metal, viking metal",2024-09-02T23:05:16.105Z,2024-09-02,206586,00:03:26,20:01:50,20:05:16,spotify:track:1M3YkokSuNDJKfR1kkMyxP,https://i.scdn.co/image/ab67616d0000b273df063ca3ff52f917819cb631
Always Will Be,HammerFall,2o18h28enlHxj887tATc58,"gothenburg metal, metal, power metal, speed metal, swedish power metal, symphonic metal",2024-09-02T23:01:48.951Z,2024-09-02,289560,00:04:49,19:56:59,20:01:48,spotify:track:13bdSVP2YguoHwN4BIFnOT,https://i.scdn.co/image/ab67616d0000b273f9354765b1904289474c7860
Gateways,Dimmu Borgir,6e8ISIsI7UQZPyEorefAhK,"black metal, gothic metal, melodic death metal, metal, norwegian black metal, norwegian metal, power metal, speed metal, symphonic black metal, symphonic metal",2024-09-02T22:56:58.951Z,2024-09-02,310026,00:05:10,19:51:48,19:56:58,spotify:track:5JxyDHWj4XMRgvuRzWd9JK,https://i.scdn.co/image/ab67616d0000b273f338a423d76de255cef14db0
Solfeggietto,At Vance,4alZ73UZp90icEjdKjSIxw,"german metal, german power metal, metal cover, neo classical metal, power metal",2024-09-02T22:51:48.425Z,2024-09-02,62800,00:01:02,19:50:46,19:51:48,spotify:track:1t2SAo6CEXVtyZQCRgPBvG,https://i.scdn.co/image/ab67616d0000b273e7855801aac1098307bee542
Handful Of Rain,Savatage,3N1B1g6JtIgd6ClRkzD4yT,"glam metal, hard rock, metal, power metal, progressive metal, thrash metal, us power metal",2024-09-02T22:50:45.116Z,2024-09-02,303120,00:05:03,19:45:42,19:50:45,spotify:track:0l9uDbOnxueZyAuVtu6De3,https://i.scdn.co/image/ab67616d0000b27358a545761fda376a3a67ada6
Never Forever,Elysion,5yxZeKeX0FcaT6OlOnx52v,"gothic metal, gothic symphonic metal, greek metal, symphonic metal",2024-09-02T19:58:09.021Z,2024-09-02,200800,00:03:20,16:54:49,16:58:09,spotify:track:1gtiboFlPYIuaJSeF3fZk6,https://i.scdn.co/image/ab67616d0000b2734aff8b466385464da447eac6
Breathless,Triosphere,0hk3NBCfedrc9J4qj27UxG,gothic symphonic metal,2024-09-02T17:32:53.822Z,2024-09-02,318841,00:05:18,14:27:35,14:32:53,spotify:track:6FloFNn4PeuzzXUKvsxKsA,https://i.scdn.co/image/ab67616d0000b2739f0b7d3514e848b07aebc5ba
Fair and Guiling Copesmate Death,Theatre Of Tragedy,31eXqCx5cAlItdGdoHMEOu,"gothic metal, gothic symphonic metal, norwegian doom metal, norwegian metal, symphonic metal",2024-09-02T17:27:34.745Z,2024-09-02,425746,00:07:05,14:20:29,14:27:34,spotify:track:6UmFW7lBvyFQEBXognAr9r,https://i.scdn.co/image/ab67616d0000b2730d50567beb34f578132bcd4a
Cryin' Clouds,Mandragora Scream,1AYR9Ow3g2tzBY9mQYCZUv,"fallen angel, gothic metal, gothic symphonic metal, italian gothic metal, italian metal, symphonic metal",2024-09-02T17:20:28.422Z,2024-09-02,270416,00:04:30,14:15:58,14:20:28,spotify:track:1YfxRq6Om9w1lUi9ThXiTl,https://i.scdn.co/image/ab67616d0000b273a72cba37e769dd791034672c
Lullaby,Sunburst,1gr1vOmkKj6iNS9G5lp3F2,"greek metal, melodic progressive metal",2024-09-02T17:15:57.932Z,2024-09-02,247960,00:04:07,14:11:50,14:15:57,spotify:track:47xBqeicfHWfS8jYYbB0EB,https://i.scdn.co/image/ab67616d0000b2735645fe06d7dd78c0912e84cd
Lily Rose,Mandragora Scream,1AYR9Ow3g2tzBY9mQYCZUv,"fallen angel, gothic metal, gothic symphonic metal, italian gothic metal, italian metal, symphonic metal",2024-09-02T17:11:48.709Z,2024-09-02,257722,00:04:17,14:07:31,14:11:48,spotify:track:4ToEmT48oPH5erDitBeYf6,https://i.scdn.co/image/ab67616d0000b273da50bff8c2ee279e26d8f35c
L'autre chemin,Artesia,0wUUKwtuCvOtk9GklaUMj2,"medieval folk, neoclassical darkwave, rune folk",2024-09-02T17:07:30.797Z,2024-09-02,174240,00:02:54,14:04:36,14:07:30,spotify:track:0L7bB1DHi3zVsrHO1JDj1H,https://i.scdn.co/image/ab67616d0000b27378649938650698454fc1d17b
The Swan In The Lake,Julius Nilsson,6TldgZgNH66W2AGRLsqwPX,,2024-09-02T02:56:32.657Z,2024-09-01,119512,00:01:59,23:54:33,23:56:32,spotify:track:1P2owVvqc0HB40gKhVgKe0,https://i.scdn.co/image/ab67616d0000b27398472798cf8d4b30d24249e8
Little Boy Blue,Lene Terne,62VY5pvpRQPKrQ4n8YVOR8,,2024-09-02T02:55:52.227Z,2024-09-01,87750,00:01:27,23:54:25,23:55:52,spotify:track:5ahdo7kQdsDQWDRtPs6kGn,https://i.scdn.co/image/ab67616d0000b27352e145c19a33bd23a0d78610
Paper Boat,Michel Couture,6qKPv4O4fkzGQhybUN1Vug,,2024-09-02T02:54:24.411Z,2024-09-01,103466,00:01:43,23:52:41,23:54:24,spotify:track:1M4DvCcKGx4dmEfYxnW8I7,https://i.scdn.co/image/ab67616d0000b273dfb5f16b4c608eaa49e64efa
Under the Twilight Rays,Iris Avory,20V4zCnXKfYPn2rzNQaRMF,,2024-09-02T02:52:40.901Z,2024-09-01,107034,00:01:47,23:50:53,23:52:40,spotify:track:1pQc8bSzu550taYNPBn52J,https://i.scdn.co/image/ab67616d0000b27395f48c66e0eff784119517af
I Am A Tree,Alice Greye,4RdZNnJK1W6fJNOr9KrKpn,,2024-09-02T02:50:53.899Z,2024-09-01,75565,00:01:15,23:49:38,23:50:53,spotify:track:0k1SFEKCVR8kjNNpkaWelN,https://i.scdn.co/image/ab67616d0000b2732a56e1a518e2af26b4602f12
Delicate,Fröe,0OZxzIeQtg2hGlRD4B5gLQ,,2024-09-02T02:49:38.420Z,2024-09-01,105104,00:01:45,23:47:53,23:49:38,spotify:track:5EJ0n1uUon8I2IdOweJD8b,https://i.scdn.co/image/ab67616d0000b273fe2da0c9b9761f09ed4b6aa1
A Happy Dream,Tim Forsman,6WIsjeZGICaslPXO5dAGR7,,2024-09-02T02:47:53.253Z,2024-09-01,83374,00:01:23,23:46:30,23:47:53,spotify:track:3bvKY28py9TwJAX7J00r54,https://i.scdn.co/image/ab67616d0000b273c4e2ae936478f22d69b137d7
Little Boo Peep,Lucy Meadow,4lgSGJyxvZWnpPUEbC6quz,,2024-09-02T02:46:30.436Z,2024-09-01,125625,00:02:05,23:44:25,23:46:30,spotify:track:5yhitC31vZSeGw9ColA6Kr,https://i.scdn.co/image/ab67616d0000b273f3e98345e7b62c82929ade6a
"Baa, Baa, Black Sheep",Freddie Leland,1ZcNkiNnCczkWXc5C6Ukxx,,2024-09-02T02:44:24.210Z,2024-09-01,136486,00:02:16,23:42:08,23:44:24,spotify:track:4uqmmpElZ5oKk4e98uQePi,https://i.scdn.co/image/ab67616d0000b273f55b801ed91e7d3c61624bc0
Sleep Tight Little Friend,Isaac Tira,36itJVdaUkayBbmezbbDo7,,2024-09-02T02:42:07.790Z,2024-09-01,113267,00:01:53,23:40:14,23:42:07,spotify:track:7AKWpfDjaLU8gfO8d548Jg,https://i.scdn.co/image/ab67616d0000b2733d73803ffa90d80a9c322ff7
Twinkle Toes,Nova Haeberle,2bPE8R7dgDiI7O5P2Qf8S9,,2024-09-02T02:40:14.531Z,2024-09-01,107826,00:01:47,23:38:27,23:40:14,spotify:track:7JOZY5i5BxBvJ6h0kvelQ0,https://i.scdn.co/image/ab67616d0000b273aca1425e74602258bf43d18b
Three Jolly Fishermen,Kim Savege,2UdEGunC9lK2FrpV4Rf1gZ,,2024-09-02T02:38:26.720Z,2024-09-01,78073,00:01:18,23:37:08,23:38:26,spotify:track:43F86Pd7zjLtyPx3pxD02P,https://i.scdn.co/image/ab67616d0000b2735d449c37415f5795730f26cc
The Colours,Sandy Blau,6p8V4tzveoaAM4qoQepvDl,,2024-09-02T02:37:08.553Z,2024-09-01,75103,00:01:15,23:35:53,23:37:08,spotify:track:0ccOxQa7k63uCjFieGYbx5,https://i.scdn.co/image/ab67616d0000b273c79b0a45f1569b3179ed27ff
Ida's Summer Song,Miriam Modest,1pNPm4X2b7wMtlZ2CQQcvb,,2024-09-02T02:35:53.559Z,2024-09-01,125257,00:02:05,23:33:48,23:35:53,spotify:track:6nNB0oOWTMWpjXCfGthHSQ,https://i.scdn.co/image/ab67616d0000b27344ef20faf436dd65fdab386e
Sing And Swing,Catherine Finch,2PPbLifiSbhXZZwfjtr4Kk,,2024-09-02T02:33:48.195Z,2024-09-01,104124,00:01:44,23:32:04,23:33:48,spotify:track:1g27egm6LvcdLAaGP3rveX,https://i.scdn.co/image/ab67616d0000b2733ef807f9da505756162e5b42
"Sleep, Everyone",Graham Lullington,0eFEGw7eoz5CUwfvssyzjK,,2024-09-02T02:32:04.118Z,2024-09-01,84833,00:01:24,23:30:40,23:32:04,spotify:track:5et4YeFJHUnWWu1HwcAOTt,https://i.scdn.co/image/ab67616d0000b273e623585b2d0cafd958339379
A Whole New World,The Cardboards,6nb7HIU4p1mORQurLGhDYu,,2024-09-02T02:30:39.335Z,2024-09-01,142545,00:02:22,23:28:17,23:30:39,spotify:track:3uo60yCYpFb5Ydz5hlAiOp,https://i.scdn.co/image/ab67616d0000b273c5f4d8fb162c59081e4e8b76
Mister Rabbit,Sloan Sandford,1hvX04I5h74auPq2xmHvGr,,2024-09-02T02:28:16.694Z,2024-09-01,83373,00:01:23,23:26:53,23:28:16,spotify:track:3vjdVYb1TiEm4vmoXvIucK,https://i.scdn.co/image/ab67616d0000b273c0120b43c812666d7b87e9d9
Fun Adventure,Daisy Day,2zqel9OQCR3eMNSOXMj0Mb,,2024-09-02T02:26:53.397Z,2024-09-01,146176,00:02:26,23:24:27,23:26:53,spotify:track:3LwAe77XnL0B49uC6jDVTh,https://i.scdn.co/image/ab67616d0000b273f540fb64a7ffc032872600ab
Baby Bear’s Ballad,Madeline Lavender,1NHyRzNtgtp43tHBx9jFhx,,2024-09-02T02:24:27.212Z,2024-09-01,148500,00:02:28,23:21:59,23:24:27,spotify:track:5wwecYMNWdNcRwoIkZcsLX,https://i.scdn.co/image/ab67616d0000b2732192a6071f0baeb7d9d125a6
The Dreamweaver's Journey,Rigmor Ljungman,7sIlNeR6xW9xfJ65yOKH8Z,instrumental lullaby,2024-09-02T02:21:58.693Z,2024-09-01,95250,00:01:35,23:20:23,23:21:58,spotify:track:6oppGfsWnBibN2EO2YAqhJ,https://i.scdn.co/image/ab67616d0000b273a80fa15a7aeae7bff398a903
On A Fluffy Starbed,Isaac Tira,36itJVdaUkayBbmezbbDo7,,2024-09-02T02:20:23.370Z,2024-09-01,134176,00:02:14,23:18:09,23:20:23,spotify:track:4V1xcjw4KmYYSkMRMeFA0N,https://i.scdn.co/image/ab67616d0000b2737252154e65543f7aab5fb788
Stroll 'n' Roll,Jesse Birkman,5TJ2Xx7poTZRmfEWmsZZhH,instrumental lullaby,2024-09-02T02:18:09.269Z,2024-09-01,117074,00:01:57,23:16:12,23:18:09,spotify:track:7EqXDeQw7FSSUId8UebI7c,https://i.scdn.co/image/ab67616d0000b273b3b82d754aca41eecd1259cf
Sleepy Clouds,Petra Mogensen,6aNZ6GQv8yP3HFmpXtGY5r,,2024-09-02T02:16:12.184Z,2024-09-01,71257,00:01:11,23:15:01,23:16:12,spotify:track:7fMrzJgBQSprNEV7iFI68u,https://i.scdn.co/image/ab67616d0000b2731a0e0b983a72a4f0c44fd294
You Are Feeling Sleepy,Amos Green,3krCByMqEQnYRWPZMCE5IY,,2024-09-02T02:15:00.921Z,2024-09-01,87308,00:01:27,23:13:33,23:15:00,spotify:track:6mGuFs42JhtarklWdVUyOt,https://i.scdn.co/image/ab67616d0000b27375ff9f2a8e6c66ce7dca6034
To the Store We Go,Nolan Wren,1bglI3t0xRpDdeiYugmOz0,,2024-09-02T02:13:33.559Z,2024-09-01,86041,00:01:26,23:12:07,23:13:33,spotify:track:6uPZZCrR9eFJwhZdjwRhyk,https://i.scdn.co/image/ab67616d0000b273253ae5c5b20dbd5b0386f7bb
We Are Three Musicians,Anton Bruch,7zT8gDSxsr4jwMiv2gCqIs,,2024-09-02T02:12:07.662Z,2024-09-01,67773,00:01:07,23:11:00,23:12:07,spotify:track:6M0tKLVH56wlV7WEo9bgf1,https://i.scdn.co/image/ab67616d0000b273a47bce2c691dd419814cf2bc
Old Macdonald Had A Farm,Maverick Selby,70qivo8pTGpQqrjHgWYvqO,,2024-09-02T02:10:59.763Z,2024-09-01,98608,00:01:38,23:09:21,23:10:59,spotify:track:75apuD4FSexqsVIVE6czFc,https://i.scdn.co/image/ab67616d0000b27324ae7c1ee8c81558a28c5a60
Mary Had A Little Lamb,Titus S.,0oi41A3WnpwtHeRIctpGNV,,2024-09-02T02:09:21.219Z,2024-09-01,89217,00:01:29,23:07:52,23:09:21,spotify:track:5MFR2Gq7oBZvTjxdCp8WJc,https://i.scdn.co/image/ab67616d0000b273f542a6caa471581a1b8cf143
London Bridge (Piano Version),John B. Lund,7aeRsfmuN284l1Hs1eyVbW,music box,2024-09-02T02:07:51.990Z,2024-09-01,94000,00:01:34,23:06:17,23:07:51,spotify:track:53OUBSsdeNaLWBlJgsCmCf,https://i.scdn.co/image/ab67616d0000b273d7729557a204120dae28af50
Itsy bitsy spider,Mingmei Hsueh,2Z1JaXCxqUBOH0Zm2Eyrxq,piano cover,2024-09-02T02:06:18.026Z,2024-09-01,82500,00:01:22,23:04:56,23:06:18,spotify:track:1oMUYmXy85ZOQGZ2fylBiN,https://i.scdn.co/image/ab67616d0000b2739ff1080d298e8299d693bc1d
Brahms Lullaby,Lucy Bennett,2gpFIVZUCq1gf8RALTZaWj,,2024-09-02T02:04:55.493Z,2024-09-01,99877,00:01:39,23:03:16,23:04:55,spotify:track:6ffUjpr83utMRU2X4BDu63,https://i.scdn.co/image/ab67616d0000b273665d6b36d44d288190331c4a
"Twinkle, Twinkle, Little Star",Adelmar Borrego,5bdLiUDd0rIMAkT1y6zLaE,instrumental lullaby,2024-09-02T02:03:15.635Z,2024-09-01,100562,00:01:40,23:01:35,23:03:15,spotify:track:147gCksvDRmjG1pO51ZCcf,https://i.scdn.co/image/ab67616d0000b2730c9ef77b37c210ab8ba448ae
L'autre chemin,Artesia,0wUUKwtuCvOtk9GklaUMj2,"medieval folk, neoclassical darkwave, rune folk",2024-09-02T01:25:08.487Z,2024-09-01,174240,00:02:54,22:22:14,22:25:08,spotify:track:0L7bB1DHi3zVsrHO1JDj1H,https://i.scdn.co/image/ab67616d0000b27378649938650698454fc1d17b
Lande sauvage,Artesia,0wUUKwtuCvOtk9GklaUMj2,"medieval folk, neoclassical darkwave, rune folk",2024-09-02T01:24:47.775Z,2024-09-01,167840,00:02:47,22:22:00,22:24:47,spotify:track:5iMXrkHPDeGQ6dl0H30u3Z,https://i.scdn.co/image/ab67616d0000b2738652b22d72651040c3a33476
Frigg's Blessing,Helisir,06PE0H14KHqMtERxX1IBaw,"medieval folk, nordic folk",2024-09-02T01:21:59.512Z,2024-09-01,143543,00:02:23,22:19:36,22:21:59,spotify:track:1c41h1XTBpTkeBvPIWtx5B,https://i.scdn.co/image/ab67616d0000b273305d6ab376cd0e38af682d55
Walking Roots,Hexperos,5wtcfpKrb4no7xivzYRfXG,"medieval folk, neoclassical darkwave, rune folk",2024-09-02T01:19:36.182Z,2024-09-01,98223,00:01:38,22:17:58,22:19:36,spotify:track:1uZAPahrOYVwuVlmUcDV4O,https://i.scdn.co/image/ab67616d0000b273da99aa6c9654616cd452f1ec
Moon Spell,Hexperos,5wtcfpKrb4no7xivzYRfXG,"medieval folk, neoclassical darkwave, rune folk",2024-09-02T01:17:57.226Z,2024-09-01,164266,00:02:44,22:15:13,22:17:57,spotify:track:4QkdTl6VGrwYmN7r2GHItt,https://i.scdn.co/image/ab67616d0000b273d0675f1b2fcb6f8cc7290da5
För världarna nio,Forndom,1DO3ytbfXlJUOoy77yH7IH,"dungeon synth, rune folk, viking folk",2024-09-02T01:15:11.945Z,2024-09-01,250000,00:04:10,22:11:01,22:15:11,spotify:track:2z8gAvbc7hvagCktcITrpd,https://i.scdn.co/image/ab67616d0000b273d0c9f6b3f3b1a4cf8c65c256
Egredimini,Ophelia's Dream,12LzVpxCvC54BwmNcwPQWE,"medieval folk, neoclassical darkwave, rune folk",2024-09-02T01:11:01.959Z,2024-09-01,185000,00:03:05,22:07:56,22:11:01,spotify:track:4elcDLKE7KObcJ6qvogsVV,https://i.scdn.co/image/ab67616d0000b273641aa6d0da727ad77b92b692
Reich Mir Die Hand,Blutengel,2SRu9oxCg91Omb2yMFzttR,"gothic metal, medieval rock, modern goth, neue deutsche todeskunst",2024-09-02T01:07:56.040Z,2024-09-01,205129,00:03:25,22:04:31,22:07:56,spotify:track:0T2uCapXuPWHr5egTkHozH,https://i.scdn.co/image/ab67616d0000b273251928d8465e496cd612d1a8
Birks of Aberfeldy,Caprice,5wc0IxnlWp9pqSduPbyvZh,"medieval folk, neoclassical darkwave",2024-09-02T01:04:31.112Z,2024-09-01,139040,00:02:19,22:02:12,22:04:31,spotify:track:3HuvQMUiCqzjHbzbrcjbH2,https://i.scdn.co/image/ab67616d0000b273db761341fff3fd32886dfc85
Mars,Lindy-Fay Hella,03wtLmrx51o98GKld7O0RU,"medieval folk, neoclassical darkwave, nordic folk",2024-09-02T01:02:11.332Z,2024-09-01,155390,00:02:35,21:59:36,22:02:11,spotify:track:4hmsBbaikqL5y8oYcuqunl,https://i.scdn.co/image/ab67616d0000b273ba106c2236e04d4460ea5145
Lady Magdalen's Reprise,Ophelia's Dream,12LzVpxCvC54BwmNcwPQWE,"medieval folk, neoclassical darkwave, rune folk",2024-09-02T00:59:34.983Z,2024-09-01,99000,00:01:39,21:57:55,21:59:34,spotify:track:6CVcCqgzMbDBmrIyWVVFLU,https://i.scdn.co/image/ab67616d0000b273641aa6d0da727ad77b92b692
Alleine zu zweit,Lacrimosa,57ekbx9PSS4ORs5wTZMSYp,"gothic metal, neue deutsche todeskunst, symphonic metal",2024-09-02T00:57:55.102Z,2024-09-01,257160,00:04:17,21:53:38,21:57:55,spotify:track:3o4EfCGg8qXHkVbThIUXUV,https://i.scdn.co/image/ab67616d0000b27301265c15b9ee3954bd24861a
Because You Asked Me Why I Love You,Caprice,5wc0IxnlWp9pqSduPbyvZh,"medieval folk, neoclassical darkwave",2024-09-02T00:53:38.325Z,2024-09-01,174346,00:02:54,21:50:44,21:53:38,spotify:track:49lpU2oh8R11tKCCug5JXY,https://i.scdn.co/image/ab67616d0000b273db761341fff3fd32886dfc85
In der Palästra,Sopor Aeternus & The Ensemble Of Shadows,4DJ9mOfSKt9vg0Zhlwf6te,"neoclassical darkwave, neue deutsche todeskunst, rune folk",2024-09-02T00:50:43.028Z,2024-09-01,429146,00:07:09,21:43:34,21:50:43,spotify:track:6Ys2QHWm57xwZZsVB4BlDV,https://i.scdn.co/image/ab67616d0000b273942bdc0a539f148bf3599745
Nocturne,Hexperos,5wtcfpKrb4no7xivzYRfXG,"medieval folk, neoclassical darkwave, rune folk",2024-09-02T00:43:33.474Z,2024-09-01,154533,00:02:34,21:40:59,21:43:33,spotify:track:5DgstcK6DUXv4I1Pykp2lA,https://i.scdn.co/image/ab67616d0000b273d0675f1b2fcb6f8cc7290da5
Den grymma hästen,Forndom,1DO3ytbfXlJUOoy77yH7IH,"dungeon synth, rune folk, viking folk",2024-09-02T00:40:57.909Z,2024-09-01,318000,00:05:18,21:35:39,21:40:57,spotify:track:05bqkMhjyiQ4jgA59RULsX,https://i.scdn.co/image/ab67616d0000b273465a00a5d662e99eb8af0b05
Saltarello - Reworked 2007,Ophelia's Dream,12LzVpxCvC54BwmNcwPQWE,"medieval folk, neoclassical darkwave, rune folk",2024-09-02T00:35:39.368Z,2024-09-01,118506,00:01:58,21:33:41,21:35:39,spotify:track:4B43Pdht2SfDu6vb0732ki,https://i.scdn.co/image/ab67616d0000b27357704c0bdfa160b36abbe244
The Elven Treasure,Peter Gundry,0HCkZtmMJLvUyWT5m0ojBX,rune folk,2024-09-02T00:33:40.920Z,2024-09-01,198000,00:03:18,21:30:22,21:33:40,spotify:track:0ZmSM5Anxa8DyY8lAvtPip,https://i.scdn.co/image/ab67616d0000b27384cbba9507ac7f4b025ae1de
Lande sauvage,Artesia,0wUUKwtuCvOtk9GklaUMj2,"neoclassical darkwave, rune folk",2024-09-02T01:24:47.775Z,2024-09-01,167840,00:02:47,22:22:00,22:24:47,spotify:track:5iMXrkHPDeGQ6dl0H30u3Z,https://i.scdn.co/image/ab67616d0000b2738652b22d72651040c3a33476
Witchery Fate Song,Jean Luc Lenoir,6T5OAvSJ9agKPCscGknBOk,fantasy,2024-09-02T00:30:22.599Z,2024-09-01,180666,00:03:00,21:27:22,21:30:22,spotify:track:1M9W6pSy2NvMhAe0EztBiO,https://i.scdn.co/image/ab67616d0000b273c27e08febd678b722f247060
Återkomst,Forndom,1DO3ytbfXlJUOoy77yH7IH,"dungeon synth, rune folk, viking folk",2024-09-02T00:27:20.733Z,2024-09-01,148786,00:02:28,21:24:52,21:27:20,spotify:track:2clErPAaFLnMxUxYN2vi1u,https://i.scdn.co/image/ab67616d0000b273d0c9f6b3f3b1a4cf8c65c256
Seafarer,Lindy-Fay Hella,03wtLmrx51o98GKld7O0RU,"medieval folk, neoclassical darkwave, nordic folk",2024-09-02T00:24:51.528Z,2024-09-01,273618,00:04:33,21:20:18,21:24:51,spotify:track:5EriQ99E48OccHlhOkkzXj,https://i.scdn.co/image/ab67616d0000b273ba106c2236e04d4460ea5145
Voice of the Forgotten,Peter Gundry,0HCkZtmMJLvUyWT5m0ojBX,rune folk,2024-09-02T00:20:18.066Z,2024-09-01,142106,00:02:22,21:17:56,21:20:18,spotify:track:1Kv5jhm0V9nRpY8CmdVwy8,https://i.scdn.co/image/ab67616d0000b27384cbba9507ac7f4b025ae1de
7 Seconds,Love Like Blood,24WRvSDW3TaWsPvJ9JwDTx,"corrosion, dark wave, ethereal wave, gothic rock, neue deutsche todeskunst",2024-09-02T00:17:55.304Z,2024-09-01,293306,00:04:53,21:13:02,21:17:55,spotify:track:77rwo6w0Q5IKtH07wxkm6J,https://i.scdn.co/image/ab67616d0000b273c24090278aa9f35507ef9582
Saltarno,Ophelia's Dream,12LzVpxCvC54BwmNcwPQWE,"medieval folk, neoclassical darkwave, rune folk",2024-09-02T00:13:01.459Z,2024-09-01,221506,00:03:41,21:09:20,21:13:01,spotify:track:6IOD9cz4TbFQVkHgnYslCK,https://i.scdn.co/image/ab67616d0000b273641aa6d0da727ad77b92b692
Sing,Blutengel,2SRu9oxCg91Omb2yMFzttR,"gothic metal, medieval rock, modern goth, neue deutsche todeskunst",2024-09-02T00:09:19.450Z,2024-09-01,228493,00:03:48,21:05:31,21:09:19,spotify:track:5Uh3vtPtJMl5gE7ZQkCMrm,https://i.scdn.co/image/ab67616d0000b273eec628e81c0a96346103a736
Svitjod,Forndom,1DO3ytbfXlJUOoy77yH7IH,"dungeon synth, rune folk, viking folk",2024-09-02T00:05:30.042Z,2024-09-01,356000,00:05:56,20:59:34,21:05:30,spotify:track:7JFV6d7REOJpuy1sDbRY43,https://i.scdn.co/image/ab67616d0000b273465a00a5d662e99eb8af0b05
A Midsummer Night's Dream,Hexperos,5wtcfpKrb4no7xivzYRfXG,"medieval folk, neoclassical darkwave, rune folk",2024-09-01T23:59:33.929Z,2024-09-01,116017,00:01:56,20:57:37,20:59:33,spotify:track:7Kbyls8tQBJgDJGi6aBeeQ,https://i.scdn.co/image/ab67616d0000b273d0675f1b2fcb6f8cc7290da5
Be My Rain,Zeraphine,5FfIAyIWRRiPFoIIeuO26U,"dark rock, german alternative rock",2024-09-01T23:57:36.953Z,2024-09-01,244933,00:04:04,20:53:32,20:57:36,spotify:track:4JejVsL2cUEFGHOR2bTTt2,https://i.scdn.co/image/ab67616d0000b273ab65e11f6e9a825bde8df20c
The Sad Song of the Wind,Empyrium,4zDkgQanNydhYIqQwQK9Ct,"doom metal, neoclassical darkwave, neofolk, pagan black metal",2024-09-01T23:53:32.145Z,2024-09-01,172213,00:02:52,20:50:40,20:53:32,spotify:track:3SIigDkdwu9yBrpuXNp4jq,https://i.scdn.co/image/ab67616d0000b2735c8817dfddec00d4395f5d4b
Evoè evoè,Emian,460sAl4XZp7MMKsYu8ysiX,rune folk,2024-09-01T23:50:38.907Z,2024-09-01,156933,00:02:36,20:48:02,20:50:38,spotify:track:6YL2YyMBqQhwjj38cbltnX,https://i.scdn.co/image/ab67616d0000b273a1953ce6fa6a165916ba4c54
Dry the Rain,Lord Of The Lost,28eLrVsohdXynlnIzQ2VvI,"dark rock, neue deutsche harte",2024-09-01T23:48:01.355Z,2024-09-01,199400,00:03:19,20:44:42,20:48:01,spotify:track:5cyr5V06XuFUuzVQKom73V,https://i.scdn.co/image/ab67616d0000b273a9f37c18e8b38c2f4bad158b
Winter Rhymes,Hexperos,5wtcfpKrb4no7xivzYRfXG,"medieval folk, neoclassical darkwave, rune folk",2024-09-01T23:44:41.759Z,2024-09-01,135766,00:02:15,20:42:26,20:44:41,spotify:track:7244UKzDenfC8zOkfhXhc9,https://i.scdn.co/image/ab67616d0000b273da99aa6c9654616cd452f1ec
Ranei,Helisir,06PE0H14KHqMtERxX1IBaw,"medieval folk, nordic folk",2024-09-01T23:42:25.563Z,2024-09-01,100050,00:01:40,20:40:45,20:42:25,spotify:track:5h4ESfOrBubAfihVRfGhYZ,https://i.scdn.co/image/ab67616d0000b273305d6ab376cd0e38af682d55
The Garden of the Hesperides,Hexperos,5wtcfpKrb4no7xivzYRfXG,"medieval folk, neoclassical darkwave, rune folk",2024-09-01T23:37:57.661Z,2024-09-01,169730,00:02:49,20:35:08,20:37:57,spotify:track:219ybFf7kOZgNsn3c6NAVO,https://i.scdn.co/image/ab67616d0000b273da99aa6c9654616cd452f1ec
Kala,Danheim,1J1DiyVfll4d0cos64VSZb,"rune folk, viking folk",2024-09-01T23:00:49.266Z,2024-09-01,232306,00:03:52,19:56:57,20:00:49,spotify:track:4WfWAfEQhTWXzwRyiHJ7MO,https://i.scdn.co/image/ab67616d0000b2733c0d29b67102e459b3fecfd8
Lament for Thorin,Eurielle,7F1l2kTBvOPGd8sF8nBEtv,fantasy,2024-09-01T22:56:55.959Z,2024-09-01,210000,00:03:30,19:53:25,19:56:55,spotify:track:0BvKaKjXZQobzB1Zk4ToIi,https://i.scdn.co/image/ab67616d0000b2734a1445d200f1b3c6f703d6a5
Walpurgisnacht,Faun,2wPOgnQ6eW3X73uIJZ4YFE,"hurdy-gurdy, medieval folk, medieval rock",2024-09-01T22:53:25.538Z,2024-09-01,229586,00:03:49,19:49:36,19:53:25,spotify:track:41pPyia2I4AI3PBnYUviO1,https://i.scdn.co/image/ab67616d0000b2732d77113f9295cc214a18a007
Lichtgestalt,Lacrimosa,57ekbx9PSS4ORs5wTZMSYp,"gothic metal, neue deutsche todeskunst, symphonic metal",2024-09-01T22:49:36.211Z,2024-09-01,318906,00:05:18,19:44:18,19:49:36,spotify:track:2qWU4A4LANXGu66qQ5hgWJ,https://i.scdn.co/image/ab67616d0000b27352b7dbbb23bdaf49a142d83c
One Wish,Caprice,5wc0IxnlWp9pqSduPbyvZh,"medieval folk, neoclassical darkwave",2024-09-01T22:44:16.451Z,2024-09-01,164533,00:02:44,19:41:32,19:44:16,spotify:track:6ZMUVI5IYF4HRgzHYGcVdE,https://i.scdn.co/image/ab67616d0000b273db761341fff3fd32886dfc85
Der Morgen danach,Lacrimosa,57ekbx9PSS4ORs5wTZMSYp,"gothic metal, neue deutsche todeskunst, symphonic metal",2024-09-01T22:41:31.526Z,2024-09-01,266573,00:04:26,19:37:05,19:41:31,spotify:track:2AFEAXxXioRMEHbmAQFfld,https://i.scdn.co/image/ab67616d0000b273ae5775fc2a002e330d6e7587
I Hels sköte,Forndom,1DO3ytbfXlJUOoy77yH7IH,"dungeon synth, rune folk, viking folk",2024-09-01T22:37:04.083Z,2024-09-01,280013,00:04:40,19:32:24,19:37:04,spotify:track:0d47kJwcadKnlQsKDFvrYe,https://i.scdn.co/image/ab67616d0000b273465a00a5d662e99eb8af0b05
Black Tears - Edit,Rajna,5HwQ6LgbaJ9OifrTioZmRi,"medieval folk, neoclassical darkwave, rune folk",2024-09-01T22:32:23.667Z,2024-09-01,89133,00:01:29,19:30:54,19:32:23,spotify:track:2N6UEZGi1geQ60XyGXxznW,https://i.scdn.co/image/ab67616d0000b27312f561f2434b048350fb1531
Entrelacs,Artesia,0wUUKwtuCvOtk9GklaUMj2,"neoclassical darkwave, rune folk",2024-09-01T22:30:54.327Z,2024-09-01,108760,00:01:48,19:29:06,19:30:54,spotify:track:7BPNDxw46oPpIpHxSP5c8w,https://i.scdn.co/image/ab67616d0000b27347e5051e2965f3292c1dd4d4
Nothing Left But The Memories,Rising Shadows,4P4sfqhJsXB7QP3Pgs1CRc,"neoclassical darkwave, rune folk",2024-09-01T22:28:57.919Z,2024-09-01,71733,00:01:11,19:27:46,19:28:57,spotify:track:0RSLtHkUxHCDj6z4qLeSR8,https://i.scdn.co/image/ab67616d0000b27320dfd8ca41be878c6c9de739
Soul Searcher,Ashes Of Ares,1yNLeUMAzOBA4q3Zki0hjz,,2024-09-01T19:57:39.964Z,2024-09-01,254795,00:04:14,16:53:25,16:57:39,spotify:track:4LHjZi60iXMOYAQWTaAtAd,https://i.scdn.co/image/ab67616d0000b27344077e3fce47c56318634bc9
Farewell,Avantasia,1Ih0fEQQsy9EeAJbYEeQRa,"fantasy metal, german metal, german power metal, gothic symphonic metal, metal, opera metal, power metal, speed metal, symphonic metal",2024-09-01T19:57:08.407Z,2024-09-01,392400,00:06:32,16:50:36,16:57:08,spotify:track:4Qe4jyrOpoUeph5U8gwwxA,https://i.scdn.co/image/ab67616d0000b273ad1a8e0311bbe50db73c3db8
New Times Awaken,Lost In Thought,1eaEhax0Mj4NNXxvWEtnUF,"melodic progressive metal, progressive metal, welsh metal",2024-09-01T19:50:35.174Z,2024-09-01,246173,00:04:06,16:46:29,16:50:35,spotify:track:0WtyzwOp9OCqbc33y7Feld,https://i.scdn.co/image/ab67616d0000b27330bcaefc07e27747bb714d2f
Skalds and Shadows,Blind Guardian,7jxJ25p0pPjk0MStloN6o6,"fantasy metal, german metal, german power metal, metal, power metal, speed metal, symphonic metal",2024-09-01T19:46:28.797Z,2024-09-01,193776,00:03:13,16:43:15,16:46:28,spotify:track:1pJa9UimhswE2Vw6i89Cwi,https://i.scdn.co/image/ab67616d0000b2734f6eddb1cccfab052909f1ee
Nosferatu,Bloodbound,6nf7iwR6AoROxfUKZWd1r6,"melodic metal, power metal, swedish heavy metal, swedish power metal, symphonic metal",2024-09-01T19:43:14.621Z,2024-09-01,383626,00:06:23,16:36:51,16:43:14,spotify:track:5WEqHNtlbM2mv4k7u9DB4Y,https://i.scdn.co/image/ab67616d0000b2738f76138292757fcf7102ae9f
Coming Home,Stratovarius,1O8CSXsPwEqxcoBE360PPO,"finnish power metal, metal, neo classical metal, power metal, progressive metal, speed metal, symphonic metal",2024-09-01T19:36:50.694Z,2024-09-01,336666,00:05:36,16:31:14,16:36:50,spotify:track:4jnhCiVeFkepeo6O52e5sN,https://i.scdn.co/image/ab67616d0000b27378582e8a50c60dac62312ca9
Revelations,Circle II Circle,4A5lMJjgeichOwbMKs6Tn0,"power metal, progressive metal, progressive power metal",2024-09-01T19:31:13.555Z,2024-09-01,221546,00:03:41,16:27:32,16:31:13,spotify:track:09mOxGUuWiJ5HMsL5CWtgR,https://i.scdn.co/image/ab67616d0000b27392013c81c8376317b1ded29c
Lord of the Rings - Remastered 2007,Blind Guardian,7jxJ25p0pPjk0MStloN6o6,"fantasy metal, german metal, german power metal, metal, power metal, speed metal, symphonic metal",2024-09-01T19:27:30.775Z,2024-09-01,195786,00:03:15,16:24:15,16:27:30,spotify:track:6rXKlkP7AGhZ2yxu3dnjjf,https://i.scdn.co/image/ab67616d0000b273e544f2462e702013a0403769
Blood Red Diamond,Lost In Thought,1eaEhax0Mj4NNXxvWEtnUF,"melodic progressive metal, progressive metal, welsh metal",2024-09-01T19:24:14.618Z,2024-09-01,331600,00:05:31,16:18:43,16:24:14,spotify:track:4eMTiC4z1xbyw6xRHjx9dS,https://i.scdn.co/image/ab67616d0000b27330bcaefc07e27747bb714d2f
Who Am I to Be?,Circle II Circle,4A5lMJjgeichOwbMKs6Tn0,"power metal, progressive metal, progressive power metal",2024-09-01T19:18:42.612Z,2024-09-01,303600,00:05:03,16:13:39,16:18:42,spotify:track:3VGde8pqjIMxHRpeRAu3ww,https://i.scdn.co/image/ab67616d0000b27392013c81c8376317b1ded29c
On the Battlefield,Bloodbound,6nf7iwR6AoROxfUKZWd1r6,"melodic metal, power metal, swedish heavy metal, swedish power metal, symphonic metal",2024-09-01T19:13:39.160Z,2024-09-01,357120,00:05:57,16:07:42,16:13:39,spotify:track:3ZeXJytZmIJhREL9iP1I7q,https://i.scdn.co/image/ab67616d0000b2738f76138292757fcf7102ae9f
Oceans,Firewind,70I9vE7YTwKmelfEplXc5r,"greek metal, melodic metal, metal, neo classical metal, power metal, progressive metal, speed metal, symphonic metal",2024-09-01T19:07:41.175Z,2024-09-01,110155,00:01:50,16:05:51,16:07:41,spotify:track:7HIyiX1PmVWcbRRp6PzCpJ,https://i.scdn.co/image/ab67616d0000b27365e83750b86dabe3b16c4156
Hunting High and Low,Stratovarius,1O8CSXsPwEqxcoBE360PPO,"finnish power metal, metal, neo classical metal, power metal, progressive metal, speed metal, symphonic metal",2024-09-01T19:05:50.864Z,2024-09-01,248866,00:04:08,16:01:42,16:05:50,spotify:track:1vDJE9fE7FB8proknu3u8E,https://i.scdn.co/image/ab67616d0000b273f9b086ac6765f6300968235a
Watch the World Collapse,Borealis,3WorcXKb2PFutcaYEFjBWq,symphonic power metal,2024-09-01T19:01:41.100Z,2024-09-01,244093,00:04:04,15:57:37,16:01:41,spotify:track:5OOoltzIUaiTKV7jjAusvP,https://i.scdn.co/image/ab67616d0000b273833a7242b42ea3905ab114d9
This Is My Hell,Ashes Of Ares,1yNLeUMAzOBA4q3Zki0hjz,,2024-09-01T18:57:36.508Z,2024-09-01,313493,00:05:13,15:52:23,15:57:36,spotify:track:1ppcxWKxhdjKWg1LqCO7Q7,https://i.scdn.co/image/ab67616d0000b2734935aa38aaed1a2a19ab90f6
Crimson Thunder,HammerFall,2o18h28enlHxj887tATc58,"gothenburg metal, metal, power metal, speed metal, swedish power metal, symphonic metal",2024-09-01T18:52:22.381Z,2024-09-01,305120,00:05:05,15:47:17,15:52:22,spotify:track:06OAtSr9Yof33xxJgjpDte,https://i.scdn.co/image/ab67616d0000b273bceefa541bb181ec0b8d32e4
Screams in the Night,Bloodbound,6nf7iwR6AoROxfUKZWd1r6,"melodic metal, power metal, swedish heavy metal, swedish power metal, symphonic metal",2024-09-01T18:47:13.551Z,2024-09-01,280506,00:04:40,15:42:33,15:47:13,spotify:track:3CyWy78pmd3coo5rJTZXTr,https://i.scdn.co/image/ab67616d0000b2738f76138292757fcf7102ae9f
Lay All Your Love on Me,Avantasia,1Ih0fEQQsy9EeAJbYEeQRa,"fantasy metal, german metal, german power metal, gothic symphonic metal, metal, opera metal, power metal, speed metal, symphonic metal",2024-09-01T18:42:32.795Z,2024-09-01,263800,00:04:23,15:38:09,15:42:32,spotify:track:5Lrgau7HgSVX01iFIkRe0F,https://i.scdn.co/image/ab67616d0000b2736715d307ba0603601a0489e9
Speed of Light,Stratovarius,1O8CSXsPwEqxcoBE360PPO,"finnish power metal, metal, neo classical metal, power metal, progressive metal, speed metal, symphonic metal",2024-09-01T18:38:08.293Z,2024-09-01,183266,00:03:03,15:35:05,15:38:08,spotify:track:5UQiOGk3n63zuv4LgNRFX7,https://i.scdn.co/image/ab67616d0000b2734f4648db0d1cbcbfe3922506
Beyond the Flames,Lost In Thought,1eaEhax0Mj4NNXxvWEtnUF,"melodic progressive metal, progressive metal, welsh metal",2024-09-01T18:35:04.513Z,2024-09-01,419973,00:06:59,15:28:05,15:35:04,spotify:track:5Nzq4rAdtXJPtqPTWRcrZt,https://i.scdn.co/image/ab67616d0000b27330bcaefc07e27747bb714d2f
Into the Dark,Bloodbound,6nf7iwR6AoROxfUKZWd1r6,"melodic metal, power metal, swedish heavy metal, swedish power metal, symphonic metal",2024-09-01T18:28:03.636Z,2024-09-01,271653,00:04:31,15:23:32,15:28:03,spotify:track:5jC52I2seY6MPj2eBJNhJP,https://i.scdn.co/image/ab67616d0000b2738f76138292757fcf7102ae9f
Echoes,Circle II Circle,4A5lMJjgeichOwbMKs6Tn0,"power metal, progressive metal, progressive power metal",2024-09-01T17:55:37.792Z,2024-09-01,320773,00:05:20,14:50:17,14:55:37,spotify:track:7fn1arLfzYrEbDn2FN6Po0,https://i.scdn.co/image/ab67616d0000b27347a3faa87a5321919f29911f
Beyond Redemption (Intro),Vanishing Point,3zmUekFSR8SzvgTgpIIM8j,"australian metal, melodic metal, melodic progressive metal, progressive metal",2024-09-01T17:50:16.451Z,2024-09-01,60453,00:01:00,14:49:16,14:50:16,spotify:track:0ODrrZkUgVTuAXqc8iIGGU,https://i.scdn.co/image/ab67616d0000b2731b5c21e3c9111edb599365b7
Out of Reach,Circle II Circle,4A5lMJjgeichOwbMKs6Tn0,"power metal, progressive metal, progressive power metal",2024-09-01T17:49:15.051Z,2024-09-01,249133,00:04:09,14:45:06,14:49:15,spotify:track:0a1dayQBUKHTMhnaIDRibq,https://i.scdn.co/image/ab67616d0000b273d2d183e22b68b7ec677dde2f
Beneath These Waves - Remaster 2019,Demons & Wizards,4O6RDLeFX5xuQ7IePFzVcl,"fantasy metal, german metal, german power metal, metal, power metal, progressive metal, speed metal, symphonic metal",2024-09-01T17:45:05.199Z,2024-09-01,312200,00:05:12,14:39:53,14:45:05,spotify:track:19zjNdVlA7hYlm1nF3xhyM,https://i.scdn.co/image/ab67616d0000b273fc681d3c897f246d64033d8a
Lost in Thoughts,Lost In Thought,1eaEhax0Mj4NNXxvWEtnUF,"melodic progressive metal, progressive metal, welsh metal",2024-09-01T17:39:52.573Z,2024-09-01,449920,00:07:29,14:32:23,14:39:52,spotify:track:3GSVklxnAt8YaKiZAQem5A,https://i.scdn.co/image/ab67616d0000b27330bcaefc07e27747bb714d2f
When We Pray,Warrel Dane,1qrGnVZhEO4vX3ahn4RY1r,"progressive groove metal, seattle metal",2024-09-01T17:31:27.127Z,2024-09-01,218160,00:03:38,14:27:49,14:31:27,spotify:track:06REAo6pW0x497pDiJ3YgR,https://i.scdn.co/image/ab67616d0000b27321b6bcf4958d1f9a643379fd
Desdemonamelia,Bloodbound,6nf7iwR6AoROxfUKZWd1r6,"melodic metal, power metal, swedish heavy metal, swedish power metal, symphonic metal",2024-09-01T17:27:49.152Z,2024-09-01,255173,00:04:15,14:23:34,14:27:49,spotify:track:7ggZVcEnNHiHr4yJE2AlAJ,https://i.scdn.co/image/ab67616d0000b2738f76138292757fcf7102ae9f
Four Seasons - Summer,At Vance,4alZ73UZp90icEjdKjSIxw,"german metal, german power metal, metal cover, neo classical metal, power metal",2024-09-01T17:23:33.628Z,2024-09-01,200626,00:03:20,14:20:13,14:23:33,spotify:track:2R1Froyj4Uu0H10f7Fu6SK,https://i.scdn.co/image/ab67616d0000b2731162cb7f97c040aeb52cc0c9
Into the Wind,Circle II Circle,4A5lMJjgeichOwbMKs6Tn0,"power metal, progressive metal, progressive power metal",2024-09-01T17:20:11.896Z,2024-09-01,258959,00:04:18,14:15:53,14:20:11,spotify:track:417JIZtSKzHkNRf9gvNtwh,https://i.scdn.co/image/ab67616d0000b273d2d183e22b68b7ec677dde2f
Riders of the Storm,HammerFall,2o18h28enlHxj887tATc58,"gothenburg metal, metal, power metal, speed metal, swedish power metal, symphonic metal",2024-09-01T17:15:52.287Z,2024-09-01,274280,00:04:34,14:11:18,14:15:52,spotify:track:4WOex7Tv9mkAEdnuKiknjt,https://i.scdn.co/image/ab67616d0000b273bceefa541bb181ec0b8d32e4
Riders of the Storm,HammerFall,2o18h28enlHxj887tATc58,"gothenburg metal, metal, power metal, speed metal, swedish power metal, symphonic metal",2024-09-01T17:11:16.577Z,2024-09-01,274280,00:04:34,14:06:42,14:11:16,spotify:track:4WOex7Tv9mkAEdnuKiknjt,https://i.scdn.co/image/ab67616d0000b273bceefa541bb181ec0b8d32e4
The Fallen One,HammerFall,2o18h28enlHxj887tATc58,"gothenburg metal, metal, power metal, speed metal, swedish power metal, symphonic metal",2024-09-01T17:06:41.538Z,2024-09-01,263533,00:04:23,14:02:18,14:06:41,spotify:track:4oHeZmCVEoiv8wPexQ1aqq,https://i.scdn.co/image/ab67616d0000b273c74508076e95a160cf40643f
Crucified,Bloodbound,6nf7iwR6AoROxfUKZWd1r6,"melodic metal, power metal, swedish heavy metal, swedish power metal, symphonic metal",2024-09-01T17:02:17.792Z,2024-09-01,230533,00:03:50,13:58:27,14:02:17,spotify:track:1SI81V5OitxjJfeCXFHOQn,https://i.scdn.co/image/ab67616d0000b2738f76138292757fcf7102ae9f
The Bard's Song - In the Forest - Remastered 2007,Blind Guardian,7jxJ25p0pPjk0MStloN6o6,"fantasy metal, german metal, german power metal, metal, power metal, speed metal, symphonic metal",2024-09-01T16:58:27.004Z,2024-09-01,189893,00:03:09,13:55:18,13:58:27,spotify:track:7xPGvZaG9W7UOrCgEwbONe,https://i.scdn.co/image/ab67616d0000b273e8c8f9410e7fe5fc25910fc2
The Messenger,Ashes Of Ares,1yNLeUMAzOBA4q3Zki0hjz,,2024-09-01T16:55:16.367Z,2024-09-01,307386,00:05:07,13:50:09,13:55:16,spotify:track:11iz1hVYpHul5jM1sCQbZl,https://i.scdn.co/image/ab67616d0000b2734935aa38aaed1a2a19ab90f6
Heroes,Masterplan,1OHNvr18TssBKYK0A75yvx,"german metal, german power metal, power metal, progressive metal, symphonic metal",2024-09-01T16:50:08.596Z,2024-09-01,213573,00:03:33,13:46:35,13:50:08,spotify:track:1BaJ4KLFgnveSRGKBwRWve,https://i.scdn.co/image/ab67616d0000b2737479397fc56803ba3511fd1c
Caprice No.16,At Vance,4alZ73UZp90icEjdKjSIxw,"german metal, german power metal, metal cover, neo classical metal, power metal",2024-09-01T16:46:34.954Z,2024-09-01,93173,00:01:33,13:45:01,13:46:34,spotify:track:64J5lW4UhppbBV84SCr9Bm,https://i.scdn.co/image/ab67616d0000b27354121ac159f222d13102d837
The River Dragon Has Come,Nevermore,1wUArE0NhHB8M1bU2WSplY,"metal, neo classical metal, power metal, progressive groove metal, progressive metal, seattle metal, thrash metal",2024-09-01T16:45:00.885Z,2024-09-01,305893,00:05:05,13:39:55,13:45:00,spotify:track:00TGiIbiQMynLQ46G3P8JT,https://i.scdn.co/image/ab67616d0000b27378ae18a19ac33612ff44d58b
Entity,Lost In Thought,1eaEhax0Mj4NNXxvWEtnUF,"melodic progressive metal, progressive metal, welsh metal",2024-09-01T16:39:54.934Z,2024-09-01,394906,00:06:34,13:33:20,13:39:54,spotify:track:1IriARjRaV7otzNuccT6Tu,https://i.scdn.co/image/ab67616d0000b27330bcaefc07e27747bb714d2f
The Phantoms Of Prends-Toi-Garde,Vanden Plas,1ke5Q2ijh6Tm31kH2HELEe,"christian power metal, german metal, progressive metal",2024-09-01T16:33:18.867Z,2024-09-01,322813,00:05:22,13:27:56,13:33:18,spotify:track:1R7dQE1kYAgoHT3IXwqA1g,https://i.scdn.co/image/ab67616d0000b273dac3774c1126a4f394d13c81
Midnight Sun,Bloodbound,6nf7iwR6AoROxfUKZWd1r6,"melodic metal, power metal, swedish heavy metal, swedish power metal, symphonic metal",2024-09-01T16:14:33.483Z,2024-09-01,231480,00:03:51,13:10:42,13:14:33,spotify:track:68YQrkB244r9E0h5uUR9JV,https://i.scdn.co/image/ab67616d0000b2738f76138292757fcf7102ae9f
Send Me A Sign,Gamma Ray,6LZE884lDIsCSLHuTplfGp,"german metal, german power metal, metal, power metal, speed metal",2024-09-01T16:10:42.125Z,2024-09-01,266120,00:04:26,13:06:16,13:10:42,spotify:track:0EbOOKAmRvd2w7K1Wvs3Q5,https://i.scdn.co/image/ab67616d0000b273dec0fcd7ad7236559e6a848e
Paradise,Stratovarius,1O8CSXsPwEqxcoBE360PPO,"finnish power metal, metal, neo classical metal, power metal, progressive metal, speed metal, symphonic metal",2024-09-01T16:06:15.029Z,2024-09-01,267000,00:04:27,13:01:48,13:06:15,spotify:track:6ZbJnO5y5UvgnBD2WBWXGR,https://i.scdn.co/image/ab67616d0000b27378582e8a50c60dac62312ca9
Seek to Find,Lost In Thought,1eaEhax0Mj4NNXxvWEtnUF,"melodic progressive metal, progressive metal, welsh metal",2024-09-01T16:01:47.652Z,2024-09-01,314640,00:05:14,12:56:33,13:01:47,spotify:track:4wirhvUevQJUJEAajXQv1y,https://i.scdn.co/image/ab67616d0000b27330bcaefc07e27747bb714d2f
Dystopia,Megadeth,1Yox196W7bzVNZI7RBaPnf,"alternative metal, hard rock, melodic thrash, metal, old school thrash, rock, speed metal, thrash metal",2024-09-01T03:35:14.016Z,2024-09-01,299106,00:04:59,00:30:15,00:35:14,spotify:track:0KiRc3f3OI9C7s0S1QjQNO,https://i.scdn.co/image/ab67616d0000b273db38819ff1e73809f8be6107
Brotherhood of the Snake,Testament,28hJdGN1Awf7u3ifk2lVkg,"alternative metal, groove metal, hard rock, metal, old school thrash, thrash metal",2024-09-01T03:23:35.987Z,2024-09-01,253988,00:04:13,00:19:22,00:23:35,spotify:track:4VcN84ZdC7doe4yoIarJUA,https://i.scdn.co/image/ab67616d0000b2730b6ebf3fda7d3762cca7ed91
1916,Motörhead,1DFr97A9HnbV3SKTJFu62M,"alternative metal, hard rock, metal, nu metal, rock, speed metal",2024-09-01T03:19:21.636Z,2024-09-01,224640,00:03:44,00:15:37,00:19:21,spotify:track:5gp9UXTiUKw0EbKdmdln9O,https://i.scdn.co/image/ab67616d0000b2731550f6d6d7c226710f7b0d20
This Means War,Avenged Sevenfold,0nmQIMXWTXfhgOBdNzhGOs,alternative metal,2024-09-01T03:15:36.720Z,2024-09-01,369293,00:06:09,00:09:27,00:15:36,spotify:track:2NImo2MajNai4CLk35wMut,https://i.scdn.co/image/ab67616d0000b2730ea1ecb2d5271c2db402b0c2
Love Me Like a Reptile,Motörhead,1DFr97A9HnbV3SKTJFu62M,"alternative metal, hard rock, metal, nu metal, rock, speed metal",2024-09-01T03:07:29.623Z,2024-09-01,201680,00:03:21,00:04:08,00:07:29,spotify:track:6X072JM07roPKz9TJnYfWw,https://i.scdn.co/image/ab67616d0000b273ade9ee0ae7f33fbb979d6bfe
Roman Sky,Avenged Sevenfold,0nmQIMXWTXfhgOBdNzhGOs,alternative metal,2024-09-01T03:04:08.230Z,2024-09-01,300361,00:05:00,23:59:08,00:04:08,spotify:track:1cS6bhx9h565rLO0HuDtgu,https://i.scdn.co/image/ab67616d0000b273b645f0073b86688922006823
God Was Never on Your Side,Motörhead,1DFr97A9HnbV3SKTJFu62M,"alternative metal, hard rock, metal, nu metal, rock, speed metal",2024-09-01T02:58:19.904Z,2024-08-31,261186,00:04:21,23:53:58,23:58:19,spotify:track:71LmwNWHchuDe1QwrEKsB1,https://i.scdn.co/image/ab67616d0000b2733acadfab2676973821676de9
God Damn,Avenged Sevenfold,0nmQIMXWTXfhgOBdNzhGOs,alternative metal,2024-09-01T02:53:57.618Z,2024-08-31,221973,00:03:41,23:50:16,23:53:57,spotify:track:7DduH5tvoHol2iZqDUX94l,https://i.scdn.co/image/ab67616d0000b273b645f0073b86688922006823
Pathetic Liar,Grip Inc.,1P2DRfEZ7OPvTKXxUxxuRc,groove metal,2024-09-01T02:48:18.137Z,2024-08-31,183800,00:03:03,23:45:15,23:48:18,spotify:track:1pfXclZz3MwuyKoFRqYc9f,https://i.scdn.co/image/ab67616d0000b273a3a95d915bce6432226d8241
Stranded,Gojira,0GDGKpJFhVpcjIGF8N6Ewt,"alternative metal, french death metal, french metal, groove metal, metal, nu metal, progressive groove metal",2024-09-01T02:45:12.470Z,2024-08-31,269533,00:04:29,23:40:43,23:45:12,spotify:track:60fUDmIWuKhngaeBIVhqIV,https://i.scdn.co/image/ab67616d0000b273422c622517ea0bd7eda33e08
The Chase Is Better Than the Catch,Motörhead,1DFr97A9HnbV3SKTJFu62M,"alternative metal, hard rock, metal, nu metal, rock, speed metal",2024-09-01T02:40:42.212Z,2024-08-31,256986,00:04:16,23:36:26,23:40:42,spotify:track:16CovcwRSjvpz0I4ZFflUv,https://i.scdn.co/image/ab67616d0000b273ade9ee0ae7f33fbb979d6bfe
Critical Acclaim,Avenged Sevenfold,0nmQIMXWTXfhgOBdNzhGOs,alternative metal,2024-09-01T02:36:24.523Z,2024-08-31,315173,00:05:15,23:31:09,23:36:24,spotify:track:4VymMhILk4DSwghPkLUPVS,https://i.scdn.co/image/ab67616d0000b27333c52ca8309741c6999ca742
Roads,Roadrunner United,3sURANr03JD4V9tRA8fChy,"groove metal, melodic metalcore, nu metal",2024-09-01T02:31:09.131Z,2024-08-31,144973,00:02:24,23:28:45,23:31:09,spotify:track:4vCVkfY7ZY0UnjB8eF0lEM,https://i.scdn.co/image/ab67616d0000b2733ac71450f70f8dae74a215e9
Ragnarök,Peyton Parrish,62uiaKAdkbY94iXJnXyKzc,,2024-09-01T02:28:42.955Z,2024-08-31,184000,00:03:04,23:25:38,23:28:42,spotify:track:2U127R3xDmiqSKBJ6joI7L,https://i.scdn.co/image/ab67616d0000b273ea2554eb3c6739dafc8a9773
"Too Much, Too Young, Too Fast",Airbourne,6urzdpGY5yUimWZsgJUoTb,hard rock,2024-09-01T02:25:38.646Z,2024-08-31,226706,00:03:46,23:21:52,23:25:38,spotify:track:2LQbBzrXkgQHnCDUmHjReH,https://i.scdn.co/image/ab67616d0000b273f14b478eb49241dd646c8626
Rusty Nail,Grip Inc.,1P2DRfEZ7OPvTKXxUxxuRc,groove metal,2024-09-01T02:21:51.723Z,2024-08-31,204400,00:03:24,23:18:27,23:21:51,spotify:track:5rnEtK7CGnNc49J2WUcRnN,https://i.scdn.co/image/ab67616d0000b273a3a95d915bce6432226d8241
Hallowed Be Thy Name,Machine Head,0lVlNsuGaOr9vMHCZIAKMt,"alternative metal, groove metal, hard rock, industrial metal, melodic groove metal, metal, nu metal, progressive groove metal",2024-09-01T02:18:26.304Z,2024-08-31,447760,00:07:27,23:10:59,23:18:26,spotify:track:2UCFZwOdWa0xCLiDW96qYZ,https://i.scdn.co/image/ab67616d0000b2735c90014de23079a4d6d34f32
Electricity,Motörhead,1DFr97A9HnbV3SKTJFu62M,"alternative metal, hard rock, metal, nu metal, rock, speed metal",2024-09-01T02:10:57.972Z,2024-08-31,136866,00:02:16,23:08:41,23:10:57,spotify:track:1KYfhcM7K7Ahs6opoG4cd0,https://i.scdn.co/image/ab67616d0000b27335b663121cfffd62c0b83500
Buried Alive,Avenged Sevenfold,0nmQIMXWTXfhgOBdNzhGOs,alternative metal,2024-09-01T02:08:40.153Z,2024-08-31,404386,00:06:44,23:01:56,23:08:40,spotify:track:4veeNpXDK1YRHMTJ1Cppsg,https://i.scdn.co/image/ab67616d0000b273c34064a3c5e4a25892a091f3
Buried Alive,Avenged Sevenfold,0nmQIMXWTXfhgOBdNzhGOs,alternative metal,2024-09-01T02:02:01.697Z,2024-08-31,404386,00:06:44,22:55:17,23:02:01,spotify:track:4veeNpXDK1YRHMTJ1Cppsg,https://i.scdn.co/image/ab67616d0000b273c34064a3c5e4a25892a091f3
Diadem of the Night,Hexperos,5wtcfpKrb4no7xivzYRfXG,"medieval folk, neoclassical darkwave, rune folk",2024-09-01T02:01:48.574Z,2024-08-31,335386,00:05:35,22:56:13,23:01:48,spotify:track:6rJNDN7iWv4JjtyKsPuRFD,https://i.scdn.co/image/ab67616d0000b273d0675f1b2fcb6f8cc7290da5
Wolf Totem (feat. Jacoby Shaddix of Papa Roach),The HU,0b2B3PwcYzQAhuJacmcYgc,"mongolian alternative, oriental metal",2024-09-01T02:00:02.326Z,2024-08-31,317077,00:05:17,22:54:45,23:00:02,spotify:track:39ki02XRiCpXJMGKU8CqDJ,https://i.scdn.co/image/ab67616d0000b273a849f2dea216228f9039f3e9
7 элемент,Vitas,0UK6JkgUMa28b4t8eCtg6P,meme rap,2024-09-01T01:54:43.882Z,2024-08-31,250000,00:04:10,22:50:33,22:54:43,spotify:track:5iFhkFf9JLA3XiROdYsg1i,https://i.scdn.co/image/ab67616d0000b273cb60dec99665654fe16d294f
Carnival of Rust,Poets of the Fall,1AZ30JnvQU1pbX6sbRE0Yn,finnish alternative rock,2024-09-01T01:50:34.053Z,2024-08-31,262946,00:04:22,22:46:12,22:50:34,spotify:track:2DtPEKs3Pj7E06EoWW4vw8,https://i.scdn.co/image/ab67616d0000b273e5f7b997f1d9a8c3fc4147fc
And My Father Left Forever,My Dying Bride,7iMWWdRNiCJwGOGEIYr02z,"doom metal, gothic metal, metal, uk doom metal",2024-09-01T01:46:10.425Z,2024-08-31,561480,00:09:21,22:36:49,22:46:10,spotify:track:6c7019RaOHNDrdHP5noR1r,https://i.scdn.co/image/ab67616d0000b27336301d2801f8a2598fa2e6a4
"The Shire, Pt. 1",Threshold,7KTRbZ1YTch5oXQOmQTStM,"prog metal, progressive metal",2024-09-01T01:36:48.561Z,2024-08-31,123632,00:02:03,22:34:45,22:36:48,spotify:track:1HOzk8FRIW8zW2TGIe1Eps,https://i.scdn.co/image/ab67616d0000b273443bb28cff14a6dffd6077c4
The Lucid Door,Sirenia,5FXMcILCOMjljRTV6cLoiE,"gothic metal, gothic symphonic metal, norwegian metal, power metal, symphonic metal",2024-09-01T01:34:43.653Z,2024-08-31,288613,00:04:48,22:29:55,22:34:43,spotify:track:6ogVJbJxaNpCAuaRtxBuDQ,https://i.scdn.co/image/ab67616d0000b273c7cb51b071112ca40aff724a
Perfect,Simple Plan,2p4FqHnazRucYQHyDCdBrJ,"canadian pop punk, canadian punk, canadian rock, modern rock, neon pop punk, pop punk, pop rock",2024-09-01T01:29:54.338Z,2024-08-31,277026,00:04:37,22:25:17,22:29:54,spotify:track:4j3X4KX8rURekAVIFUhI23,https://i.scdn.co/image/ab67616d0000b273fbee462a3aa4e7ea05e07aa5
This Insatiable Love,Kid Francescoli,2G7QgTep5IsJHGHm1hXygD,"french indie pop, french indietronica",2024-09-01T01:25:16.950Z,2024-08-31,242830,00:04:02,22:21:14,22:25:16,spotify:track:5AGJPEGjaXB7Yhn0ipRlQA,https://i.scdn.co/image/ab67616d0000b27318224ee98d866a496904ecdb
Summits,Borknagar,0vxxsjcDy61x5zvrOqwHIL,"black metal, folk black metal, folk metal, norwegian black metal, norwegian metal, progressive black metal, viking black metal, viking metal",2024-09-01T01:21:12.757Z,2024-08-31,478546,00:07:58,22:13:14,22:21:12,spotify:track:2FTD7GTnQjvpeReCYB8sMP,https://i.scdn.co/image/ab67616d0000b2738f9e9bf4d92df9c66aaf8f3c
The Raven,OMNIA,6frUTw3CamrF5NAGaQchBS,"hurdy-gurdy, medieval folk, rune folk",2024-09-01T01:13:13.911Z,2024-08-31,547293,00:09:07,22:04:06,22:13:13,spotify:track:19VsNhOo7fvVMPlH5O3FdN,https://i.scdn.co/image/ab67616d0000b273640c129dffca17713ae1fa11
Gateways,Dimmu Borgir,6e8ISIsI7UQZPyEorefAhK,"black metal, gothic metal, melodic death metal, metal, norwegian black metal, norwegian metal, power metal, speed metal, symphonic black metal, symphonic metal",2024-09-01T01:04:05.915Z,2024-08-31,310026,00:05:10,21:58:55,22:04:05,spotify:track:5JxyDHWj4XMRgvuRzWd9JK,https://i.scdn.co/image/ab67616d0000b273f338a423d76de255cef14db0
Sword of the Highlands,Manowar,4CzUzn54Cp9TQr6a7JIlMZ,"comic metal, hard rock, metal, power metal, speed metal, us power metal",2024-09-01T00:58:55.386Z,2024-08-31,359653,00:05:59,21:52:56,21:58:55,spotify:track:7LFFCnMlXWW2C17kPCmr8Y,https://i.scdn.co/image/ab67616d0000b2734230b34907d752e141449f26
Silent Call,ANGRA,7IAXZaLTb6nkJr8RmVPn5y,"brazilian metal, brazilian power metal, brazilian progressive metal, latin metal, metal, power metal, progressive metal, progressive power metal, speed metal, symphonic metal",2024-09-01T00:52:53.580Z,2024-08-31,228600,00:03:48,21:49:05,21:52:53,spotify:track:3KWxRJ8JZuCQzEjHftcJ3P,https://i.scdn.co/image/ab67616d0000b27339c7984e3da3664f6b1e6f6a
Nightmare,Avenged Sevenfold,0nmQIMXWTXfhgOBdNzhGOs,alternative metal,2024-09-01T00:49:04.540Z,2024-08-31,374453,00:06:14,21:42:50,21:49:04,spotify:track:4UEo1b0wWrtHMC8bVqPiH8,https://i.scdn.co/image/ab67616d0000b273c34064a3c5e4a25892a091f3
When A Blind Man Cries - Remastered,Deep Purple,568ZhdwyaiCyOGJRtNYhWf,"album rock, classic rock, hard rock, metal, rock",2024-09-01T00:42:49.388Z,2024-08-31,209246,00:03:29,21:39:20,21:42:49,spotify:track:0JtcFIgrkSagrM5JdFakeO,https://i.scdn.co/image/ab67616d0000b273a729c9c3dec04b99d889c66f
Pieces On the Ground,Device,2zVWTuVkiqJZnJv1sYcE8D,,2024-09-01T00:39:19.847Z,2024-08-31,357373,00:05:57,21:33:22,21:39:19,spotify:track:5T9Qzzc4H1VlDHrL7fAW4O,https://i.scdn.co/image/ab67616d0000b273797fa785b2fbf7b130426d6e
"Non, je ne regrette rien",Édith Piaf,1WPcVNert9hn7mHsPKDn7j,"chanson, torch song, vintage schlager",2024-09-01T00:33:22.151Z,2024-08-31,142280,00:02:22,21:31:00,21:33:22,spotify:track:3dkIE8P7hvl3tHl9KSb6dA,https://i.scdn.co/image/ab67616d0000b2733d69a1082b9d676263912178
